{"localBusiness":{"turnOn":false,"fullField":false,"businessName":"","streetAddress":"","stateRegion":"","country":"","city":"","type":"","postalCode":"","imageUrl":[],"phone":"","priceRange":"","acceptReservation":"true","menu":"","cuisineType":"","openingHours":[{"@type":"OpeningHoursSpecification","closes":"23:59","dayOfWeek":["Monday","Tuesday","Wednesday","Thursday","Friday","Saturday","Sunday"],"opens":"00:00"}]},"logo":{"turnOn":false,"fullField":false},"breadcrumb":{"turnOn":false,"fullField":false},"howTo":{"turnOn":false,"fullField":false},"siteLink":{"turnOn":false,"fullField":false},"product":{"turnOn":false,"fullField":false},"article":{"turnOn":false,"fullField":false},"faq":{"turnOn":false,"fullField":false},"recipe":{"turnOn":false,"fullField":false},"video":{"turnOn":false,"fullField":false}}