{"name":"t:sections.header.name","type":"header","sections":{"header":{"type":"header","disabled":true,"settings":{"logo_position":"middle-left","menu":"main-menu","menu_type_desktop":"drawer","sticky_header_type":"on-scroll-up","show_line_separator":true,"color_scheme":"scheme-1","menu_color_scheme":"scheme-1","enable_country_selector":true,"enable_language_selector":true,"enable_customer_avatar":true,"mobile_logo_position":"center","margin_bottom":0,"padding_top":20,"padding_bottom":20}},"bt_header_EGBMrJ":{"type":"bt-header","blocks":{"announcement_bar_wMTt8V":{"type":"announcement-bar","settings":{"text":"Exciting News !! You can now pay in 3 installments through BAADMAY.  Your order may arrive in multiple packages from different locations , but don't worry—there's no extra shipping cost.","link":"","enable_background_opacity_only_homepage":true,"background_color":"#000000","bg_opacity_intensity_A":0.5,"color":"#ffffff","font_size":12,"padding_desktop":2,"padding_mobile":2}},"nav_rLAPhc":{"type":"nav","settings":{"category_switch":"women","menu":"women","secondary_menu":"","menu_handle_1":"SALE","menu_color_1":"#ed0c0c","menu_handle_2":"NEW ARRIVALS","menu_color_2":"#32801d","menu_handle_3":"","menu_color_3":"#555555","menu_handle_4":"","menu_color_4":"#555555","menu_handle_5":"","menu_color_5":"#555555"}},"nav_whdLBC":{"type":"nav","settings":{"category_switch":"kids","menu":"kids","secondary_menu":"","menu_handle_1":"NEW ARRIVALS","menu_color_1":"#32801d","menu_handle_2":"SALE","menu_color_2":"#ed0c0c","menu_handle_3":"","menu_color_3":"#555555","menu_handle_4":"","menu_color_4":"#555555","menu_handle_5":"","menu_color_5":"#555555"}},"nav_foot_menu_Bccx8i":{"type":"navFootMenu","settings":{}},"tag_link_6VBtpQ":{"type":"tag_link","settings":{"tag_category":"women","link_text":"AUTUMN HAZE - PRET","link_url":"shopify:\/\/collections\/autumn-haze","tag":"New"}},"tag_link_cpKbra":{"type":"tag_link","settings":{"tag_category":"women","link_text":"ECHOES OF AUTUMN - UNSTITCHED","link_url":"shopify:\/\/collections\/echoes-of-autumn","tag":"New"}},"tag_link_KDR3QF":{"type":"tag_link","settings":{"tag_category":"women","link_text":"EXCLUSIVELY PRICED - PRET","link_url":"shopify:\/\/collections\/na-pret-exclusive-priced","tag":"New"}},"tag_link_YYPUze":{"type":"tag_link","settings":{"tag_category":"women","link_text":"EXCLUSIVELY PRICED - KIDS","link_url":"shopify:\/\/collections\/exclusively-priced","tag":"New"}}},"block_order":["announcement_bar_wMTt8V","nav_rLAPhc","nav_whdLBC","nav_foot_menu_Bccx8i","tag_link_6VBtpQ","tag_link_cpKbra","tag_link_KDR3QF","tag_link_YYPUze"],"settings":{"help_link":"https:\/\/hkb.ginkgoretail.net\/ordertracking\/1","padding_top":12,"padding_bottom":0}},"announcement-bar":{"type":"announcement-bar","blocks":{"announcement-bar-0":{"type":"announcement","settings":{"text":"Welcome to our store","link":""}}},"block_order":["announcement-bar-0"],"disabled":true,"settings":{"color_scheme":"scheme-1","show_line_separator":true,"show_social":false,"auto_rotate":true,"change_slides_speed":5,"enable_country_selector":false,"enable_language_selector":false}}},"order":["header","bt_header_EGBMrJ","announcement-bar"]}