{"wrapper":"div.mb__60","sections":{"cart_heading":{"type":"cart_heading","blocks":{"cart_heading1":{"type":"1","settings":{"title":"Shopping cart","color":"#ffffff"}}},"block_order":["cart_heading1"],"disabled":true,"settings":{"parallax":false,"color":"#000000","overlay":54,"padding":50,"paddingmb":50,"bg_pos":"center center","bg_repeat":"no-repeat","bg_size":"cover","bg_att":"scroll"}},"main":{"type":"cart-template","blocks":{"price":{"type":"price","settings":{}},"tax":{"type":"tax","settings":{}},"btnck":{"type":"btnck","settings":{}},"btnmr":{"type":"btnmr","settings":{}},"img":{"type":"img","disabled":true,"settings":{"wimg":50}},"btn":{"type":"btn","settings":{"title":"Return To Shop","url":"shopify:\/\/collections","style":"primary tu"}}},"block_order":["price","tax","btnck","btnmr","img","btn"],"settings":{"ajax_enable":true,"calc_ship":true,"show_note":true,"show_rates":true,"show_discount":true,"show_gift_wrap":true}},"complete_cart":{"type":"featured_collection_owl","settings":{"title":"Complete your cart","sub_title":"","sub_font":"2","btn_title":"See all products","style_title":"title_1","ic_tt":"gem","show_clpr":false,"collection":"all","limit":8,"space":30,"use_pagination":"none","btn_rd":true,"btn_icon":false,"btn_style":"default","col_pr":"3","col_pr_tb":"3","col_pr_mb":"6","pr_des":"1","show_vendor":false,"use_cdt":false,"round_cd":false,"cdt_des":"1","loop":true,"au_time":0,"au_hover":true,"button":true,"btn_vi":"1","btn_owl":"1","btn_color":"0","dot":false,"dot_owl":"1","dot_color":"1","use_eq_height":false,"image_ratio":"ratio_nt","image_size":"nt_cover","image_position":"8","cp_code":false,"layout":"wrap","cl_bg":"","mg":"80px,,50px,","pd":"","mg_mb":"","pd_mb":""}},"recently-viewed-products":{"type":"recently_viewed","settings":{"show":true,"unavailable_prs":"hide","title":"Recently viewed products","sub_title":"","sub_font":"2","style_title":"title_1","ic_tt":"gem","show_clpr":false,"limit":6,"sortby":"3","space":30,"col_pr":"3","col_pr_tb":"3","col_pr_mb":"6","pr_des":"1","show_vendor":false,"use_cdt":false,"round_cd":false,"cdt_des":"1","loop":true,"au_time":1,"au_hover":true,"button":false,"btn_vi":"1","btn_owl":"1","btn_color":"0","dot":false,"dot_owl":"1","dot_color":"1","use_eq_height":false,"image_ratio":"ratio_nt","image_size":"nt_cover","image_position":"8"}}},"order":["cart_heading","main","complete_cart","recently-viewed-products"]}