{"sections":{"cat_shop":{"type":"cat_shop","blocks":{"6a0d7c26-7bf8-41f4-8000-0ba27afcd39a":{"type":"cat","settings":{"collection":"bags","icon":"sadas"}},"beb14df2-6845-4af3-8682-ce39508e6e42":{"type":"cat","settings":{"collection":"","icon":""}}},"block_order":["6a0d7c26-7bf8-41f4-8000-0ba27afcd39a","beb14df2-6845-4af3-8682-ce39508e6e42"],"disabled":true,"settings":{"shown":false,"source":"1","sort":"alphabetical"}},"cat_heading":{"type":"cat_heading","blocks":{"cc30e06b-26b5-4d95-8a6d-a3c0ba6bb5b1":{"type":"1","settings":{"color":"#ffffff"}},"b9fa77af-4041-42da-b41c-1df6ade5dbbd":{"type":"2","settings":{"color":"#ededed"}}},"block_order":["cc30e06b-26b5-4d95-8a6d-a3c0ba6bb5b1","b9fa77af-4041-42da-b41c-1df6ade5dbbd"],"disabled":true,"settings":{"shown":true,"use_specify_image":true,"parallax":false,"color":"#000000","overlay":54,"padding":50,"paddingmb":50,"bg_pos":"center center","bg_repeat":"no-repeat","bg_size":"cover","bg_att":"scroll"}},"des":{"type":"main-des-collection","settings":{"show_des":true}},"sub":{"type":"sub-collections","settings":{"show_sub":true,"layout":"default","cat_design":"5","cat_space":"10","col":"2","col_md":"3","col_mb":"6","pr_txt":"products","use_eq_height":true,"image_ratio":"ratio1_1"}},"e8e781f8-6823-45b7-9461-12e3e94ddcc6":{"type":"custom-liquid","custom_css":["{color: gray; font-size: 14px; font-weight: bold;}"],"settings":{"custom_liquid":"{{ collection.all_products_count }} Total Products","layout":"container","cl_bg":"#ffffff","mg":"10px,,10px,","pd":"","mg_mb":"","pd_mb":""}},"main":{"type":"main-collection","settings":{"shop_layout":"default","shop_des":"default","limit":50,"space":20,"use_pagination":"infinite","use_bar_lm":true,"col_pr":"3","col_pr_tb":"3","col_pr_mb":"6","pr_des":"1","show_vendor":false,"breadcrumb_pr":true,"use_cdt":false,"round_cd":false,"cdt_des":"1","use_eq_height":true,"image_ratio":"ratio2_3","image_size":"nt_contain","image_position":"8"}}},"order":["cat_shop","cat_heading","des","sub","e8e781f8-6823-45b7-9461-12e3e94ddcc6","main"]}