{"sections":{"166013479331402d39":{"type":"custom_html","disabled":true,"settings":{"code":"","css":"","layout":"container","mg":"-15px,,-25px","pd":"","mg_mb":"-30px,,-30px","pd_mb":""}},"7885f78a-dd56-4c1a-8652-2777194f3a08":{"type":"slideshow","blocks":{"fdb80d6c-0f94-4d02-ad9d-4562b5ab7e6b":{"type":"img","settings":{"image":"shopify:\/\/shop_images\/Flat-20_-Sale.jpg","image_mb":"shopify:\/\/shop_images\/Flat-20_-Metro-Sale.jpg","pos_img":"center center","cl_img":"","link_img1":"https:\/\/www.metroshoes.com.pk\/collections\/sale-shoes","open_link":"_self","caption_w":"2","cap_v_pos":50,"cap_h_pos":39,"txt_align":"tl_md","cap_v_pos_mb":50,"cap_h_pos_mb":39,"txt_align_mb":"tl","cl_overlay":"#000000","cl_opacity":0,"ani_img":"none","ani_txt":"none","bg_content_bl":false,"bg_content_cl":"#ffffff","bg_content_op":50,"content_pd":"40px 80px","content_pd_mb":"10px 20px","border_bl":false,"br_color":"#222222","br_style":"solid","br_pd":20,"br_pd_mb":10}},"img_BW7Y6r":{"type":"img","settings":{"image":"shopify:\/\/shop_images\/Metro-Wedding-Fancy-Collection.jpg","image_mb":"shopify:\/\/shop_images\/Metro-Wedding.jpg","pos_img":"center center","cl_img":"","link_img1":"shopify:\/\/collections\/fancy","open_link":"_self","caption_w":"2","cap_v_pos":50,"cap_h_pos":39,"txt_align":"tl_md","cap_v_pos_mb":50,"cap_h_pos_mb":39,"txt_align_mb":"tl","cl_overlay":"#000000","cl_opacity":0,"ani_img":"none","ani_txt":"none","bg_content_bl":false,"bg_content_cl":"#ffffff","bg_content_op":50,"content_pd":"40px 80px","content_pd_mb":"10px 20px","border_bl":false,"br_color":"#222222","br_style":"solid","br_pd":20,"br_pd_mb":10}},"img_k8jMTU":{"type":"img","settings":{"image":"shopify:\/\/shop_images\/Metro-Shoes-Eid-Festive-Collection-Golden-Shoes-_-Bags.jpg","image_mb":"shopify:\/\/shop_images\/Metro-Shoes-Eid-Festive-Collection-Golden.jpg","pos_img":"center center","cl_img":"","link_img1":"https:\/\/www.metroshoes.com.pk\/collections\/new-in","open_link":"_self","caption_w":"2","cap_v_pos":50,"cap_h_pos":39,"txt_align":"tl_md","cap_v_pos_mb":50,"cap_h_pos_mb":39,"txt_align_mb":"tl","cl_overlay":"#000000","cl_opacity":0,"ani_img":"none","ani_txt":"none","bg_content_bl":false,"bg_content_cl":"#ffffff","bg_content_op":50,"content_pd":"40px 80px","content_pd_mb":"10px 20px","border_bl":false,"br_color":"#222222","br_style":"solid","br_pd":20,"br_pd_mb":10}},"71e9ea59-ec4a-4ec0-87f1-79d2adbe27eb":{"type":"img","disabled":true,"settings":{"image":"shopify:\/\/shop_images\/Metro-Shoes-Fancy.jpg","image_mb":"shopify:\/\/shop_images\/Metro-Shoes-Fancy-Heels.jpg","pos_img":"center center","cl_img":"","link_img1":"shopify:\/\/collections\/new-in","open_link":"_self","caption_w":"2","cap_v_pos":50,"cap_h_pos":39,"txt_align":"tl_md","cap_v_pos_mb":50,"cap_h_pos_mb":39,"txt_align_mb":"tl","cl_overlay":"#000000","cl_opacity":0,"ani_img":"none","ani_txt":"none","bg_content_bl":false,"bg_content_cl":"#ffffff","bg_content_op":50,"content_pd":"40px 80px","content_pd_mb":"10px 20px","border_bl":false,"br_color":"#222222","br_style":"solid","br_pd":20,"br_pd_mb":10}},"img_4kqVTW":{"type":"img","settings":{"image":"shopify:\/\/shop_images\/Metro-Shoes-Eid-Festive-Collection.jpg","image_mb":"shopify:\/\/shop_images\/Metro-Shoes-Eid-Festive-Collection-Sale.jpg","pos_img":"center center","cl_img":"","link_img1":"shopify:\/\/collections\/new-in","open_link":"_self","caption_w":"2","cap_v_pos":50,"cap_h_pos":39,"txt_align":"tl_md","cap_v_pos_mb":50,"cap_h_pos_mb":39,"txt_align_mb":"tl","cl_overlay":"#000000","cl_opacity":0,"ani_img":"none","ani_txt":"none","bg_content_bl":false,"bg_content_cl":"#ffffff","bg_content_op":50,"content_pd":"40px 80px","content_pd_mb":"10px 20px","border_bl":false,"br_color":"#222222","br_style":"solid","br_pd":20,"br_pd_mb":10}},"5e5dedba-e67e-4b17-80d2-beaaf39a56f7":{"type":"img","disabled":true,"settings":{"image":"shopify:\/\/shop_images\/Fancy-Heels_7ee86cc0-0660-4f73-9cb1-c8593ac6b6cb.jpg","image_mb":"shopify:\/\/shop_images\/Metro-Fancy-Heels.jpg","pos_img":"center center","cl_img":"","link_img1":"https:\/\/www.metroshoes.com.pk\/collections\/new-in","open_link":"_self","caption_w":"2","cap_v_pos":50,"cap_h_pos":39,"txt_align":"tl_md","cap_v_pos_mb":50,"cap_h_pos_mb":39,"txt_align_mb":"tl","cl_overlay":"#000000","cl_opacity":0,"ani_img":"none","ani_txt":"none","bg_content_bl":false,"bg_content_cl":"#ffffff","bg_content_op":50,"content_pd":"40px 80px","content_pd_mb":"10px 20px","border_bl":false,"br_color":"#222222","br_style":"solid","br_pd":20,"br_pd_mb":10}},"5883ef96-20a0-4ea2-9fd0-b739ab038479":{"type":"img","disabled":true,"settings":{"image":"shopify:\/\/shop_images\/Metro-Shoes-Pumps_3961d908-fa3d-4af9-b7d0-50a4e26ce65a.jpg","image_mb":"shopify:\/\/shop_images\/Metro-Shoes-Pump_f72e60d7-0617-445f-bc43-2d9357402443.jpg","pos_img":"center center","cl_img":"","link_img1":"https:\/\/www.metroshoes.com.pk\/collections\/new-in","open_link":"_self","caption_w":"2","cap_v_pos":50,"cap_h_pos":39,"txt_align":"tl_md","cap_v_pos_mb":50,"cap_h_pos_mb":39,"txt_align_mb":"tl","cl_overlay":"#000000","cl_opacity":0,"ani_img":"none","ani_txt":"none","bg_content_bl":false,"bg_content_cl":"#ffffff","bg_content_op":50,"content_pd":"40px 80px","content_pd_mb":"10px 20px","border_bl":false,"br_color":"#222222","br_style":"solid","br_pd":20,"br_pd_mb":10}},"9508cfc0-2379-48d5-ac5e-0807aa403ca4":{"type":"img","disabled":true,"settings":{"image":"shopify:\/\/shop_images\/Metro-Bags_8ebfa366-6258-4353-8711-abfa3685b1df.jpg","image_mb":"shopify:\/\/shop_images\/Metro-Fancy-Bag.jpg","pos_img":"center center","cl_img":"","link_img1":"shopify:\/\/collections\/bags","open_link":"_self","caption_w":"2","cap_v_pos":50,"cap_h_pos":39,"txt_align":"tl_md","cap_v_pos_mb":50,"cap_h_pos_mb":39,"txt_align_mb":"tl","cl_overlay":"#000000","cl_opacity":0,"ani_img":"none","ani_txt":"none","bg_content_bl":false,"bg_content_cl":"#ffffff","bg_content_op":50,"content_pd":"40px 80px","content_pd_mb":"10px 20px","border_bl":false,"br_color":"#222222","br_style":"solid","br_pd":20,"br_pd_mb":10}},"img_qrDVgy":{"type":"img","settings":{"image":"shopify:\/\/shop_images\/Metro-Shoes-Bags-Festive-Collection_0acc7c0c-4ffe-4b9e-9328-a1650f3d51b4.jpg","image_mb":"shopify:\/\/shop_images\/Metro-Shoes-Bags-Collection.jpg","pos_img":"center center","cl_img":"","link_img1":"shopify:\/\/collections\/bags","open_link":"_self","caption_w":"2","cap_v_pos":50,"cap_h_pos":39,"txt_align":"tl_md","cap_v_pos_mb":50,"cap_h_pos_mb":39,"txt_align_mb":"tl","cl_overlay":"#000000","cl_opacity":0,"ani_img":"none","ani_txt":"none","bg_content_bl":false,"bg_content_cl":"#ffffff","bg_content_op":50,"content_pd":"40px 80px","content_pd_mb":"10px 20px","border_bl":false,"br_color":"#222222","br_style":"solid","br_pd":20,"br_pd_mb":10}},"1c827f5c-bbe6-41d0-ae8f-fd0f57660a31":{"type":"img","settings":{"image":"shopify:\/\/shop_images\/Metro-Shoes-Pret.jpg","image_mb":"shopify:\/\/shop_images\/Metro-Pret_8512a77a-3b09-4a6c-8777-dbcb4fb32870.jpg","pos_img":"center center","cl_img":"","link_img1":"shopify:\/\/collections\/pret","open_link":"_self","caption_w":"2","cap_v_pos":50,"cap_h_pos":39,"txt_align":"tl_md","cap_v_pos_mb":50,"cap_h_pos_mb":39,"txt_align_mb":"tl","cl_overlay":"#000000","cl_opacity":0,"ani_img":"none","ani_txt":"none","bg_content_bl":false,"bg_content_cl":"#ffffff","bg_content_op":50,"content_pd":"40px 80px","content_pd_mb":"10px 20px","border_bl":false,"br_color":"#222222","br_style":"solid","br_pd":20,"br_pd_mb":10}}},"block_order":["fdb80d6c-0f94-4d02-ad9d-4562b5ab7e6b","img_BW7Y6r","img_k8jMTU","71e9ea59-ec4a-4ec0-87f1-79d2adbe27eb","img_4kqVTW","5e5dedba-e67e-4b17-80d2-beaaf39a56f7","5883ef96-20a0-4ea2-9fd0-b739ab038479","9508cfc0-2379-48d5-ac5e-0807aa403ca4","img_qrDVgy","1c827f5c-bbe6-41d0-ae8f-fd0f57660a31"],"settings":{"se_height":"adapt","use_custom_h":"1","h_des":"600px","h_tb":"500px","h_mb":"350px","effect":"0","loop":true,"autoplay":true,"au_time":4,"au_hover":false,"button":true,"btn_vi":"2","btn_owl":"1","btn_color":"0","dot":true,"dot_owl":"3","dot_color":"2","layout":"nt_full","cl_bg":"","mg":",,50px,","pd":"","mg_mb":"","pd_mb":""}},"1654774008f6d67d84":{"type":"sign_in_section","disabled":true,"settings":{"header":"Shop what you love—faster and easier.","btn_text":"Sign In or Create an Account"}},"1656076336ea58b351":{"type":"slideshow","blocks":{"165607633633ad0248-0":{"type":"img","disabled":true,"settings":{"image":"shopify:\/\/shop_images\/Banner.jpg","image_mb":"shopify:\/\/shop_images\/web_banner_2c9f86f4-3b34-4131-b8d3-86326c47332c.jpg","pos_img":"center center","cl_img":"","link_img1":"https:\/\/www.metroshoes.com.pk\/collections\/new-sale","open_link":"_blank","caption_w":"2","cap_v_pos":50,"cap_h_pos":39,"txt_align":"tl_md","cap_v_pos_mb":50,"cap_h_pos_mb":39,"txt_align_mb":"tl","cl_overlay":"#000000","cl_opacity":0,"ani_img":"none","ani_txt":"none","bg_content_bl":false,"bg_content_cl":"#ffffff","bg_content_op":50,"content_pd":"40px 80px","content_pd_mb":"10px 20px","border_bl":false,"br_color":"#222222","br_style":"solid","br_pd":20,"br_pd_mb":10}},"21a6b6d9-2f4d-4e43-a1b6-0539bc6fa130":{"type":"img","disabled":true,"settings":{"image":"shopify:\/\/shop_images\/Banner.jpg","image_mb":"shopify:\/\/shop_images\/web_banner_2c9f86f4-3b34-4131-b8d3-86326c47332c.jpg","pos_img":"center center","cl_img":"","link_img1":"https:\/\/www.metroshoes.com.pk\/collections\/new-sale","open_link":"_blank","caption_w":"2","cap_v_pos":50,"cap_h_pos":39,"txt_align":"tl_md","cap_v_pos_mb":50,"cap_h_pos_mb":39,"txt_align_mb":"tl","cl_overlay":"#000000","cl_opacity":0,"ani_img":"none","ani_txt":"none","bg_content_bl":false,"bg_content_cl":"#ffffff","bg_content_op":50,"content_pd":"40px 80px","content_pd_mb":"10px 20px","border_bl":false,"br_color":"#222222","br_style":"solid","br_pd":20,"br_pd_mb":10}}},"block_order":["165607633633ad0248-0","21a6b6d9-2f4d-4e43-a1b6-0539bc6fa130"],"disabled":true,"settings":{"se_height":"adapt","use_custom_h":"1","h_des":"600px","h_tb":"500px","h_mb":"350px","effect":"1","loop":true,"autoplay":false,"au_time":3,"au_hover":true,"button":false,"btn_vi":"1","btn_owl":"1","btn_color":"0","dot":false,"dot_owl":"1","dot_color":"1","layout":"nt_full","cl_bg":"","mg":",,50px,","pd":"","mg_mb":"","pd_mb":""}},"1658391494b6d5ef59":{"type":"gif_slider_banner","blocks":{"ce59117f-1925-4a4c-9fea-081f38901122":{"type":"video_url","disabled":true,"settings":{"desk_image":"https:\/\/cdn.shopify.com\/videos\/c\/o\/v\/23da647a06244ca5a4be6007cc280658.mp4","mob_image":"https:\/\/cdn.shopify.com\/videos\/c\/o\/v\/78feab2ded4c4a4f90b515d8d4e085b5.mp4","url_slide_first":"https:\/\/www.metroshoes.com.pk\/collections\/sale-shoes","url_slide_second":"","content":"","btn":"","url":""}},"9198b3bd-a5fe-4463-a66d-f1f3ee9bf503":{"type":"video_url","disabled":true,"settings":{"desk_image":"https:\/\/cdn.shopify.com\/videos\/c\/o\/v\/07254705938a4b1592f9a64253b4e947.mp4","mob_image":"https:\/\/cdn.shopify.com\/videos\/c\/o\/v\/705d9b9ca75d48feae409dd7863ec4e9.mp4","url_slide_first":"","url_slide_second":"","content":"","btn":"","url":""}}},"block_order":["ce59117f-1925-4a4c-9fea-081f38901122","9198b3bd-a5fe-4463-a66d-f1f3ee9bf503"],"disabled":true,"settings":{}},"1660289118bd4f904b":{"type":"custom_html","disabled":true,"settings":{"code":"","css":"#shopify-section-[id] {background-color:transparent}\n.img_holder a {\n    border-bottom: 1px solid white;\n}","layout":"container","mg":"22px,,22px,","pd":"","mg_mb":"-50px,,-58px,","pd_mb":""}},"16547761086d29c92f":{"type":"gif_slider","disabled":true,"settings":{"desk_image":"https:\/\/cdn.shopify.com\/videos\/c\/o\/v\/69300dd6ef6e45fb8574287b1ce77792.mp4","mob_image":"https:\/\/cdn.shopify.com\/videos\/c\/o\/v\/cf9615b737684ba6a0ec47a4f3eff3e8.mp4","url_slide_first":"shopify:\/\/collections\/sale-shoes","url_slide_second":"shopify:\/\/collections\/sale-shoes","content":"","btn":"","url":"","desk_image_2":"https:\/\/cdn.shopify.com\/videos\/c\/o\/v\/69300dd6ef6e45fb8574287b1ce77792.mp4","mob_image_2":"https:\/\/cdn.shopify.com\/videos\/c\/o\/v\/cf9615b737684ba6a0ec47a4f3eff3e8.mp4","content_2":"","btn_2":"","url_2":""}},"816201dc-dfe8-409f-a1a2-4d1f08ecaf46":{"type":"custom_html","disabled":true,"settings":{"code":"","css":"#shopify-section-[id] {background-color:transparent}\n.img_holder a {\n    border-bottom: 1px solid white;\n}","layout":"container","mg":"22px,,22px,","pd":"","mg_mb":"-50px,,-58px,","pd_mb":""}},"1654856714afc56d25":{"type":"left_img_slider_sec","blocks":{"db52d4e7-3e70-4f47-ac3f-9854e57d2ee8":{"type":"slider_contnet","disabled":true,"settings":{"image":"shopify:\/\/shop_images\/Web-Banner1_332ae0de-5f83-4fe0-a44a-ef6312282f2f.jpg","mob_img":"shopify:\/\/shop_images\/mobilebannenew.jpg","heading":"Summer Clearance","content":"Metro Shoes brings for you stylish & fashionable designs on discount prices","btn_1":"<button class=\"btn shop now\">Shop Now<\/button>","btn_1_url":"https:\/\/www.metroshoes.com.pk\/collections\/sale-shoes","btn_2":"","btn_2_url":""}},"ef413b64-4332-4e2c-bd3a-c406bf06d7b2":{"type":"slider_contnet","settings":{"image":"shopify:\/\/shop_images\/Metro-Shoes-Pumps.jpg","mob_img":"shopify:\/\/shop_images\/Metro-Pumps_8d0d00d4-2dc2-463e-bee3-b1df4fc0f13c.jpg","heading":"Metro F\/W '23","content":"Behind Every Successful Women is Fabulous Pair of Shoes","btn_1":"<button class=\"btn shop now\">Shop Now<\/button>","btn_1_url":"https:\/\/www.metroshoes.com.pk\/collections\/new-in","btn_2":"","btn_2_url":""}},"2d2b7758-d409-4078-acdf-525f2b31d8b2":{"type":"slider_contnet","settings":{"image":"shopify:\/\/shop_images\/Metro-Heels-Fashion.jpg","mob_img":"shopify:\/\/shop_images\/Metro-Heels-Fashion-Pink.jpg","heading":"Metro Fiesta '23","content":"Upgrade your wardrobe with our latest Summer Shoes designs and get a trendy look.","btn_1":"<button class=\"btn view more\">View More<\/button>","btn_1_url":"https:\/\/www.metroshoes.com.pk\/collections\/new-in","btn_2":"","btn_2_url":""}},"69f72865-9a40-465e-a9dc-90c9dc779ec7":{"type":"slider_contnet","settings":{"image":"shopify:\/\/shop_images\/Fancy-Heels.jpg","mob_img":"shopify:\/\/shop_images\/Fancy-Heels-New.jpg","heading":"Metro Fancy Collection '23","content":"Whether you’re off to a special event or hosting one yourself, consider Metro Shoes the best destination for occasion ready style.","btn_1":"<button class=\"btn shop now\">Shop Now<\/button>","btn_1_url":"https:\/\/www.metroshoes.com.pk\/collections\/heels","btn_2":"","btn_2_url":"#"}},"97cfbe4a-cca2-40f4-ab1b-9a8b0b26fe91":{"type":"slider_contnet","settings":{"image":"shopify:\/\/shop_images\/BagWeb1.jpg","mob_img":"shopify:\/\/shop_images\/MonBanner.jpg","heading":"Bags - Summer 23","content":"Elegant and versatile, these handbags are the perfect accessory to elevate any outfit with a touch of elegance and convenience.","btn_1":"<button class=\"btn view more\">View More<\/button>","btn_1_url":"https:\/\/www.metroshoes.com.pk\/collections\/bags","btn_2":"","btn_2_url":""}},"9e81bf20-5199-44fe-b7d9-4a4095cc0c4e":{"type":"slider_contnet","settings":{"image":"shopify:\/\/shop_images\/Men-Web-Banner_0ef54e5e-9b9c-49a8-88fd-2c070c7d2deb.jpg","mob_img":"shopify:\/\/shop_images\/Men-Shoes-Category.jpg","heading":"New Arrival's For Men","content":"Our essential styles of the season will make you look effortless everywhere, available online & stores now","btn_1":"<button class=\"btn view more\">View More<\/button>","btn_1_url":"shopify:\/\/collections\/mens-shoes","btn_2":"","btn_2_url":"#"}}},"block_order":["db52d4e7-3e70-4f47-ac3f-9854e57d2ee8","ef413b64-4332-4e2c-bd3a-c406bf06d7b2","2d2b7758-d409-4078-acdf-525f2b31d8b2","69f72865-9a40-465e-a9dc-90c9dc779ec7","97cfbe4a-cca2-40f4-ab1b-9a8b0b26fe91","9e81bf20-5199-44fe-b7d9-4a4095cc0c4e"],"disabled":true,"settings":{}},"28f2d5f1-42d8-4f1d-ad97-62f6a5d46ffa":{"type":"custom_html","disabled":true,"settings":{"code":"","css":"","layout":"container","mg":"-45px,,-45px,","pd":"","mg_mb":"-35px,,-35px,","pd_mb":""}},"165487736826772589":{"type":"collection-list","blocks":{"165487736808d1128d-1":{"type":"collection","settings":{"collection":"view-all","image":"shopify:\/\/shop_images\/Women_s_e3aae1a4-6a45-44d9-a4ad-140f01904818.jpg","img_align":"center","title":"","url":"","heading":"Women's","content":"","btn_1":"","btn_1_url":"","btn_2":"","btn_2_url":""}},"165487736808d1128d-3":{"type":"collection","settings":{"collection":"bags","image":"shopify:\/\/shop_images\/Metro-Shoes-Bags.jpg","img_align":"center","title":"","url":"","heading":"Bags","content":"","btn_1":"","btn_1_url":"","btn_2":"","btn_2_url":""}},"165487736808d1128d-2":{"type":"collection","settings":{"collection":"fancy","image":"shopify:\/\/shop_images\/Metro-Shoes-Heels-fancy.jpg","img_align":"center","title":"","url":"","heading":"Fancy","content":"","btn_1":"","btn_1_url":"","btn_2":"","btn_2_url":""}},"a8b26548-9645-41e5-bec7-a4dbc6039dda":{"type":"collection","settings":{"collection":"pumps-shoes","image":"shopify:\/\/shop_images\/Pumps_fa2928ff-9906-4d8c-9454-4a73ca3773b4.jpg","img_align":"center","title":"","url":"","heading":"Pumps","content":"","btn_1":"","btn_1_url":"","btn_2":"","btn_2_url":""}},"165487736808d1128d-0":{"type":"collection","settings":{"collection":"mens-shoes","image":"shopify:\/\/shop_images\/Metro-Gents.jpg","img_align":"center","title":"","url":"","heading":"Men's","content":"","btn_1":"","btn_1_url":"","btn_2":"","btn_2_url":""}},"c2731c2a-2d86-4669-8f58-a885ac460064":{"type":"collection","settings":{"collection":"kids","image":"shopify:\/\/shop_images\/Metro_KIds.jpg","img_align":"center","title":"","url":"","heading":"Kid's","content":"","btn_1":"","btn_1_url":"","btn_2":"","btn_2_url":""}}},"block_order":["165487736808d1128d-1","165487736808d1128d-3","165487736808d1128d-2","a8b26548-9645-41e5-bec7-a4dbc6039dda","165487736808d1128d-0","c2731c2a-2d86-4669-8f58-a885ac460064"],"settings":{"title":"","sub_title":"","sub_font":"1","style_title":"title_1","ic_tt":"gem","show_clpr":false,"round":0,"cat_layout":"1","hoverz":true,"cat_design":"8","cat_space":"10","image_ratio":"ratio2_3","col":"2","col_md":"3","col_mb":"6","pr_txt":"","loop":true,"autoplay":false,"au_time":6,"au_hover":true,"button":false,"btn_vi":"1","btn_owl":"1","btn_color":"0","dot":true,"dot_owl":"1","dot_color":"1","cp_code":false,"layout":"wrap","cl_bg":"","hide_bgimg":false,"mg":"50px,,50px,","pd":"","mg_mb":"","pd_mb":""}},"16602896806c86dbf4":{"type":"custom_html","settings":{"code":"","css":"#shopify-section-[id] {background-color:transparent}","layout":"container","mg":"-20px,,-20px,","pd":"","mg_mb":"-50px,,-50px,","pd_mb":""}},"165476752693412dfc":{"type":"featured_collection_owl","settings":{"title":"We think you’ll love new arrivals","sub_title":"","sub_font":"2","btn_title":"See all products","style_title":"title_11","ic_tt":"","show_clpr":false,"collection":"new-in","limit":30,"space":30,"use_pagination":"none","btn_rd":false,"btn_icon":true,"btn_style":"default","col_pr":"3","col_pr_tb":"3","col_pr_mb":"6","pr_des":"1 tc","show_vendor":false,"use_cdt":false,"round_cd":false,"cdt_des":"1","loop":false,"au_time":0,"au_hover":true,"button":false,"btn_vi":"1","btn_owl":"1","btn_color":"0","dot":false,"dot_owl":"1","dot_color":"1","use_eq_height":false,"image_ratio":"ratio2_3","image_size":"nt_cover","image_position":"8","cp_code":false,"layout":"wrap","cl_bg":"","mg":"50px,,50px,","pd":"","mg_mb":"","pd_mb":""}},"e8a55b8c-3e9c-4791-aa87-17388bceb974":{"type":"featured_collection_owl","settings":{"title":"Women's Fancy Collection","sub_title":"","sub_font":"2","btn_title":"See all products","style_title":"title_11","ic_tt":"gem","show_clpr":false,"collection":"fancy","limit":28,"space":30,"use_pagination":"none","btn_rd":false,"btn_icon":true,"btn_style":"default","col_pr":"3","col_pr_tb":"3","col_pr_mb":"6","pr_des":"1 tc","show_vendor":false,"use_cdt":false,"round_cd":false,"cdt_des":"1","loop":false,"au_time":0,"au_hover":true,"button":false,"btn_vi":"1","btn_owl":"1","btn_color":"0","dot":false,"dot_owl":"1","dot_color":"1","use_eq_height":false,"image_ratio":"ratio2_3","image_size":"nt_cover","image_position":"8","cp_code":false,"layout":"wrap","cl_bg":"","mg":"50px,,50px,","pd":"","mg_mb":"","pd_mb":""}},"4f2d6067-e257-4c91-b247-ed463c80ad2d":{"type":"featured_collection_owl","settings":{"title":"Pump's For Ladies","sub_title":"","sub_font":"2","btn_title":"See all products","style_title":"title_11","ic_tt":"gem","show_clpr":false,"collection":"pumps-shoes","limit":28,"space":30,"use_pagination":"none","btn_rd":false,"btn_icon":true,"btn_style":"default","col_pr":"3","col_pr_tb":"3","col_pr_mb":"6","pr_des":"1 tc","show_vendor":false,"use_cdt":false,"round_cd":false,"cdt_des":"1","loop":false,"au_time":0,"au_hover":true,"button":false,"btn_vi":"1","btn_owl":"1","btn_color":"0","dot":false,"dot_owl":"1","dot_color":"1","use_eq_height":false,"image_ratio":"ratio2_3","image_size":"nt_cover","image_position":"8","cp_code":false,"layout":"wrap","cl_bg":"","mg":"50px,,50px,","pd":"","mg_mb":"","pd_mb":""}},"165487512816704365":{"type":"featured_collection_owl","settings":{"title":"Men's Collection","sub_title":"","sub_font":"2","btn_title":"See all products","style_title":"title_11","ic_tt":"gem","show_clpr":false,"collection":"mens-shoes","limit":28,"space":20,"use_pagination":"none","btn_rd":true,"btn_icon":false,"btn_style":"default","col_pr":"3","col_pr_tb":"3","col_pr_mb":"6","pr_des":"1 tc","show_vendor":false,"use_cdt":false,"round_cd":false,"cdt_des":"1","loop":false,"au_time":0,"au_hover":false,"button":false,"btn_vi":"1","btn_owl":"1","btn_color":"0","dot":false,"dot_owl":"1","dot_color":"1","use_eq_height":false,"image_ratio":"ratio_nt","image_size":"nt_cover","image_position":"8","cp_code":false,"layout":"wrap","cl_bg":"","mg":"20px,20px,","pd":"","mg_mb":"","pd_mb":""}},"16357021760efbe511":{"type":"slideshow","blocks":{"16357021760efbe511-0":{"type":"img","settings":{"pos_img":"center center","cl_img":"rgba(0,0,0,0)","link_img1":"","open_link":"_blank","caption_w":"1","cap_v_pos":50,"cap_h_pos":0,"txt_align":"tl_md","cap_v_pos_mb":50,"cap_h_pos_mb":39,"txt_align_mb":"tl","cl_overlay":"#000000","cl_opacity":0,"ani_img":"none","ani_txt":"none","bg_content_bl":false,"bg_content_cl":"#ffffff","bg_content_op":50,"content_pd":"40px 80px","content_pd_mb":"10px 20px","border_bl":false,"br_color":"#222222","br_style":"solid","br_pd":20,"br_pd_mb":10}},"f861caef-b8e0-4895-b120-3a82a8928a96":{"type":"txt","settings":{"font":"f_body","title":"SUMMER 2022","color":"#222222","fw_text":500,"fs_text":18,"lh_text":0,"ls_text":0,"fs_mb_text":12,"lh_mb_text":0,"ls_mb_text":0,"hide":false,"sp":5,"sp_mb":5}},"f85582ae-8d14-40c8-b6e1-cc73503c13ed":{"type":"txt","settings":{"font":"f_heading","title":"New Arrival Collection","color":"#222222","fw_text":600,"fs_text":55,"lh_text":0,"ls_text":0,"fs_mb_text":20,"lh_mb_text":0,"ls_mb_text":0,"hide":false,"sp":10,"sp_mb":10}},"16357021760efbe511-2":{"type":"btn","settings":{"title":"Explore Now","btn_link":"shopify:\/\/collections\/trending","title2":"Shop Now","btn_link2":"","btn_w":false,"btn_icon":false,"cl_txt":"#ffffff","cl_bg":"#222222","cl_bd":"#222222","fs_text":14,"fw_text":600,"h":40,"ls_text":0,"bdr":0,"pd":15,"fs_mb_text":14,"h_mb":40,"ls_mb_text":0,"bdr_mb":0,"pd_mb":15,"sp":0,"sp_mb":0}},"16357021760efbe511-3":{"type":"img","settings":{"pos_img":"center center","cl_img":"rgba(0,0,0,0)","link_img1":"","open_link":"_blank","caption_w":"1","cap_v_pos":50,"cap_h_pos":100,"txt_align":"tr_md","cap_v_pos_mb":50,"cap_h_pos_mb":39,"txt_align_mb":"tl","cl_overlay":"#000000","cl_opacity":0,"ani_img":"none","ani_txt":"none","bg_content_bl":false,"bg_content_cl":"#ffffff","bg_content_op":50,"content_pd":"40px 80px","content_pd_mb":"10px 20px","border_bl":false,"br_color":"#222222","br_style":"solid","br_pd":20,"br_pd_mb":10}},"16357021760efbe511-7":{"type":"txt","settings":{"font":"f_body","title":"NEW SEASON","color":"#222222","fw_text":500,"fs_text":18,"lh_text":0,"ls_text":0,"fs_mb_text":12,"lh_mb_text":0,"ls_mb_text":0,"hide":false,"sp":5,"sp_mb":5}},"16357021760efbe511-8":{"type":"txt","settings":{"font":"f_heading","title":"Lookbook Collection","color":"#222222","fw_text":600,"fs_text":55,"lh_text":0,"ls_text":0,"fs_mb_text":20,"lh_mb_text":0,"ls_mb_text":0,"hide":false,"sp":10,"sp_mb":10}},"16357021760efbe511-9":{"type":"btn","settings":{"title":"Explore Now","btn_link":"shopify:\/\/collections\/trending","title2":"Shop Now","btn_link2":"","btn_w":false,"btn_icon":false,"cl_txt":"#ffffff","cl_bg":"#222222","cl_bd":"#222222","fs_text":14,"fw_text":600,"h":40,"ls_text":0,"bdr":0,"pd":15,"fs_mb_text":14,"h_mb":40,"ls_mb_text":0,"bdr_mb":0,"pd_mb":15,"sp":0,"sp_mb":0}},"16357021760efbe511-6":{"type":"img","settings":{"pos_img":"center center","cl_img":"rgba(0,0,0,0)","link_img1":"","open_link":"_blank","caption_w":"1","cap_v_pos":50,"cap_h_pos":0,"txt_align":"tl_md","cap_v_pos_mb":50,"cap_h_pos_mb":39,"txt_align_mb":"tl","cl_overlay":"#000000","cl_opacity":0,"ani_img":"none","ani_txt":"none","bg_content_bl":false,"bg_content_cl":"#ffffff","bg_content_op":50,"content_pd":"40px 80px","content_pd_mb":"10px 20px","border_bl":false,"br_color":"#222222","br_style":"solid","br_pd":20,"br_pd_mb":10}},"16357021760efbe511-5":{"type":"txt","settings":{"font":"f_body","title":"SUMMER SALE","color":"#222222","fw_text":500,"fs_text":18,"lh_text":0,"ls_text":0,"fs_mb_text":12,"lh_mb_text":0,"ls_mb_text":0,"hide":false,"sp":5,"sp_mb":5}},"16357021760efbe511-1":{"type":"txt","settings":{"font":"f_heading","title":"Save up to 70%","color":"#222222","fw_text":600,"fs_text":55,"lh_text":0,"ls_text":0,"fs_mb_text":20,"lh_mb_text":0,"ls_mb_text":0,"hide":false,"sp":10,"sp_mb":10}},"16357021760efbe511-4":{"type":"btn","settings":{"title":"Explore Now","btn_link":"shopify:\/\/collections\/trending","title2":"Shop Now","btn_link2":"","btn_w":false,"btn_icon":false,"cl_txt":"#ffffff","cl_bg":"#222222","cl_bd":"#222222","fs_text":14,"fw_text":600,"h":40,"ls_text":0,"bdr":0,"pd":15,"fs_mb_text":14,"h_mb":40,"ls_mb_text":0,"bdr_mb":0,"pd_mb":15,"sp":0,"sp_mb":0}}},"block_order":["16357021760efbe511-0","f861caef-b8e0-4895-b120-3a82a8928a96","f85582ae-8d14-40c8-b6e1-cc73503c13ed","16357021760efbe511-2","16357021760efbe511-3","16357021760efbe511-7","16357021760efbe511-8","16357021760efbe511-9","16357021760efbe511-6","16357021760efbe511-5","16357021760efbe511-1","16357021760efbe511-4"],"disabled":true,"settings":{"se_height":"cus_h","use_custom_h":"1","h_des":"700px","h_tb":"500px","h_mb":"250px","effect":"1","loop":true,"autoplay":false,"au_time":6,"au_hover":true,"button":false,"btn_vi":"1","btn_owl":"1","btn_color":"0","dot":true,"dot_owl":"2","dot_color":"1","layout":"nt_full","cl_bg":"","mg":",,50px,","pd":"","mg_mb":"","pd_mb":""}},"e969846b-14b3-4f24-9d7b-8376d260a0e9":{"type":"banner","blocks":{"template--15794350325909__e969846b-14b3-4f24-9d7b-8376d260a0e9-image-1":{"type":"image","settings":{"image":"shopify:\/\/shop_images\/All-Under-1999.jpg","img_align":"center","url":"https:\/\/www.metroshoes.com.pk\/collections\/get-big-pay-low","open_link":"_self","cat_design":"1","title":"","title_2":"","txt_align":"tc","banner_align":"fl_center"}},"image_aknGW4":{"type":"image","disabled":true,"settings":{"image":"shopify:\/\/shop_images\/All-Under1999.jpg","img_align":"center","url":"https:\/\/www.metroshoes.com.pk\/collections\/get-big-pay-low","open_link":"_self","cat_design":"1","title":"","title_2":"","txt_align":"tc","banner_align":"fl_center"}}},"block_order":["template--15794350325909__e969846b-14b3-4f24-9d7b-8376d260a0e9-image-1","image_aknGW4"],"settings":{"title":"Get Big Pay Low!","sub_title":"","sub_font":"2","style_title":"title_1","ic_tt":"gem","show_clpr":false,"cat_space":"30","image_ratio":"auto","col":"12","col_md":"12","col_mb":"12","hoverz":true,"use_shadow":false,"cl_txt":"#ffffff","cl_overlay":"#000000","cl_opacity":0,"layout":"container","cl_bg":"","mg":"50px,,50px,","pd":"","mg_mb":"","pd_mb":""}},"1654868432521632b6":{"type":"collection-list","blocks":{"1654868432068db48e-2":{"type":"collection","settings":{"collection":"pret","image":"shopify:\/\/shop_images\/pret1_82e3873f-49ed-42f3-b26c-464f28487851.jpg","img_align":"center","title":"Tailor-Made for Summer","url":"","heading":"Pret","content":"The pret wear collection is for your everyday basic.","btn_1":"","btn_1_url":"","btn_2":"","btn_2_url":""}},"1654868432068db48e-0":{"type":"collection","disabled":true,"settings":{"collection":"bags","image":"shopify:\/\/shop_images\/Bag.jpg","img_align":"center","title":"","url":"","heading":"Bags","content":"Shop luxury fashion from iconic designer’s handbag.","btn_1":"","btn_1_url":"","btn_2":"","btn_2_url":""}},"collection_mpfrTt":{"type":"collection","settings":{"collection":"bags","image":"shopify:\/\/shop_images\/Bags_90f818e7-1520-4c95-b697-40885a12e80d.jpg","img_align":"center","title":"","url":"","heading":"Bags","content":"Shop luxury fashion from iconic designer’s handbag.","btn_1":"","btn_1_url":"","btn_2":"","btn_2_url":""}},"1654868432068db48e-1":{"type":"collection","settings":{"collection":"cosmetics","image":"shopify:\/\/shop_images\/Cosmetics-Black.jpg","img_align":"center","title":"","url":"","heading":"Cosmetics","content":"Reveal the colors of confidence with Metro Cosmetics.","btn_1":"","btn_1_url":"","btn_2":"","btn_2_url":""}}},"block_order":["1654868432068db48e-2","1654868432068db48e-0","collection_mpfrTt","1654868432068db48e-1"],"settings":{"title":"Shop The Collections","sub_title":"","sub_font":"2","style_title":"title_1","ic_tt":"gem","show_clpr":false,"round":0,"cat_layout":"1","hoverz":true,"cat_design":"5","cat_space":"10","image_ratio":"ratio_nt","col":"4","col_md":"4","col_mb":"12","pr_txt":"","loop":true,"autoplay":false,"au_time":6,"au_hover":true,"button":false,"btn_vi":"1","btn_owl":"1","btn_color":"0","dot":true,"dot_owl":"1","dot_color":"1","cp_code":false,"layout":"wrap","cl_bg":"","hide_bgimg":false,"mg":"50px,,50px,","pd":"","mg_mb":"","pd_mb":""}},"1654767570efd4787a":{"type":"tab_collection_owl","blocks":{"1654767570ede8d566-0":{"type":"collection","settings":{"title":"","collection":"fancy","limit":8,"space":30,"use_pagination":"none","btn_rd":true,"btn_icon":false,"btn_style":"default","col_pr":"3","col_pr_tb":"3","col_pr_mb":"6","pr_des":"1","show_vendor":false,"use_cdt":false,"round_cd":false,"cdt_des":"1","use_eq_height":false,"image_ratio":"ratio_nt","image_size":"nt_cover","image_position":"8","loop":true,"au_time":0,"au_hover":true,"button":true,"btn_vi":"1","btn_owl":"1","btn_color":"0","dot":false,"dot_owl":"1","dot_color":"1"}},"1654767570ede8d566-2":{"type":"collection","disabled":true,"settings":{"title":"Heels","collection":"heels","limit":8,"space":30,"use_pagination":"none","btn_rd":true,"btn_icon":false,"btn_style":"default","col_pr":"3","col_pr_tb":"3","col_pr_mb":"6","pr_des":"1","show_vendor":false,"use_cdt":false,"round_cd":false,"cdt_des":"1","use_eq_height":false,"image_ratio":"ratio_nt","image_size":"nt_cover","image_position":"8","loop":true,"au_time":0,"au_hover":true,"button":true,"btn_vi":"1","btn_owl":"1","btn_color":"0","dot":false,"dot_owl":"1","dot_color":"1"}},"1654767570ede8d566-1":{"type":"collection","disabled":true,"settings":{"title":"Pumps","collection":"pumps-shoes","limit":8,"space":30,"use_pagination":"none","btn_rd":true,"btn_icon":false,"btn_style":"default","col_pr":"3","col_pr_tb":"3","col_pr_mb":"6","pr_des":"1","show_vendor":false,"use_cdt":false,"round_cd":false,"cdt_des":"1","use_eq_height":false,"image_ratio":"ratio_nt","image_size":"nt_cover","image_position":"8","loop":true,"au_time":0,"au_hover":true,"button":true,"btn_vi":"1","btn_owl":"1","btn_color":"0","dot":false,"dot_owl":"1","dot_color":"1"}}},"block_order":["1654767570ede8d566-0","1654767570ede8d566-2","1654767570ede8d566-1"],"disabled":true,"settings":{"title":"Women's Fancy Collection","sub_title":"","sub_font":"2","style_title":"title_10","ic_tt":"gem","show_clpr":false,"des_tab":"9","layout":"wrap","cl_bg":"","mg":"50px,,50px,","pd":"","mg_mb":"","pd_mb":""}},"1581508031759":{"type":"featured_blog","blocks":{"639b3f3e-a4cd-45bd-b0be-256350bf1009":{"type":"custom_blogs","settings":{"custom_blog":"","custom_image":"shopify:\/\/shop_images\/Untitled-3.jpg","compare_handle":"Metro Shoes – Style with Substance"}},"dd989b0e-f824-465f-a669-15a6ab332366":{"type":"custom_blogs","settings":{"custom_blog":"","custom_image":"shopify:\/\/shop_images\/Untitled-5.jpg","compare_handle":"metro-shoes-among-the-top-pakistani-footwear-brands"}},"356c6775-9059-40ab-9f59-3453273c3a61":{"type":"custom_blogs","settings":{"custom_blog":"","custom_image":"shopify:\/\/shop_images\/Untitled-1_f6f2e1ab-5e87-4a19-bec6-23eb5b4fa4ca.jpg","compare_handle":"Metro Shoes – Among the Top Pakistani Footwear Brands Metro Shoes, a native Pakistani business, was started in 1986 and continues to provide fantastic, high-quality foot... READ MORE comfort-style-in-one-package"}}},"block_order":["639b3f3e-a4cd-45bd-b0be-256350bf1009","dd989b0e-f824-465f-a669-15a6ab332366","356c6775-9059-40ab-9f59-3453273c3a61"],"settings":{"title":"Blogs","sub_title":"","sub_font":"1","btn_title":"","style_title":"title_1","ic_tt":"pencil-alt","show_clpr":false,"layout_des":"1","art_des":"2 tc","blog":"custom","limit":3,"use_pagination":"none","use_bar_lm":true,"btn_rd":true,"btn_icon":false,"btn_style":"default","date":"date","col_pr":"4","col_pr_tb":"4","col_pr_mb":"12","show_cnt":true,"show_au":false,"show_dt":false,"show_cm":false,"show_rm":true,"loop":false,"au_time":0,"au_hover":true,"button":true,"btn_vi":"1","btn_owl":"1","btn_color":"1","dot":false,"dot_owl":"1","dot_color":"1","use_eq_height":false,"image_ratio":"ratio_nt","image_size":"nt_contain","image_position":"8","layout":"container","cl_bg":"#ffffff","mg":",,15px,","pd":"","mg_mb":",,60px,","pd_mb":""}},"16357041768f51742b":{"type":"instagram_shop","blocks":{"1581508120953-0":{"type":"img","settings":{"url":""}},"1581508249339":{"type":"pin","settings":{"pos_t":39,"pos_l":39,"cl_pin":"dark","product":"analogue-resin-strap"}},"1581508120953-2":{"type":"img","settings":{"url":""}},"1581508571978":{"type":"pin","settings":{"pos_t":50,"pos_l":50,"cl_pin":"dark","product":"wide-fit-dusty"}},"1581508120953-1":{"type":"img","settings":{"url":""}},"1581508478366":{"type":"pin","settings":{"pos_t":32,"pos_l":67,"cl_pin":"dark","product":"cuffed-beanie"}},"1581508120953-3":{"type":"img","settings":{"url":""}},"1581508536038":{"type":"pin","settings":{"pos_t":28,"pos_l":79,"cl_pin":"dark","product":"long-oversize-sweatshirt"}},"1581508120953-5":{"type":"img","settings":{"url":""}},"1581508621940":{"type":"pin","settings":{"pos_t":66,"pos_l":48,"cl_pin":"dark","product":"la-boheme-rose-gold"}},"1581508120953-4":{"type":"img","settings":{"url":""}},"1581508614765":{"type":"pin","settings":{"pos_t":66,"pos_l":42,"cl_pin":"dark","product":"high-waist-skinny-jean"}},"1581508222506":{"type":"img","settings":{"url":""}},"1581508561626":{"type":"pin","settings":{"pos_t":50,"pos_l":50,"cl_pin":"dark","product":"ritson-original-mom-jeans"}},"1581782278305":{"type":"img","settings":{"url":""}},"1581789761991":{"type":"pin","settings":{"pos_t":50,"pos_l":50,"cl_pin":"dark","product":"long-oversize-sweatshirt"}}},"block_order":["1581508120953-0","1581508249339","1581508120953-2","1581508571978","1581508120953-1","1581508478366","1581508120953-3","1581508536038","1581508120953-5","1581508621940","1581508120953-4","1581508614765","1581508222506","1581508561626","1581782278305","1581789761991"],"disabled":true,"settings":{"title":"CURRENTLY LOVING","sub_title":"Explore favorite looks from Instagram. Tag @Nordstrom to show us your finds.","sub_font":"1","style_title":"title_3","ic_tt":"gem","show_clpr":false,"layout_des":"2","open_link":"_self","space":"0","rounded_ins":"0","col_pr":"3","col_pr_tb":"3","col_pr_mb":"6","loop":false,"au_time":0,"au_hover":true,"button":true,"btn_vi":"1","btn_owl":"1","btn_color":"0","dot":false,"dot_owl":"1","dot_color":"1","use_eq_height":true,"image_ratio":"ratio1_1","image_size":"nt_cover","image_position":"8","cp_code":false,"layout":"nt_full","cl_bg":"#ffffff","mg":"","pd":"","mg_mb":"","pd_mb":""}},"1581530479619":{"type":"shipping","blocks":{"1581530479619-0":{"type":"shipping","settings":{"icon":"pe-7s-car","title":"FREE SHIPPING","text":"Free shipping on all US order or order above $100"}},"1581530479619-1":{"type":"shipping","settings":{"icon":"pe-7s-help2","title":"SUPPORT 24\/7","text":"Contact us 24 hours a day, 7 days a week"}},"1581530479619-2":{"type":"shipping","settings":{"icon":"pe-7s-refresh","title":"30 DAYS RETURN","text":"Simply return it within 30 days for an exchange."}},"1581530479619-3":{"type":"shipping","settings":{"icon":"pe-7s-door-lock","title":"100% PAYMENT SECURE","text":"We ensure secure payment with PEV"}}},"block_order":["1581530479619-0","1581530479619-1","1581530479619-2","1581530479619-3"],"disabled":true,"settings":{"source":"pegk","icon_des":"deafult","icon_align":"tl","icon_size":"medium","col_pr":"3","col_pr_tb":"6","col_mb":"fl_nowrap","layout":"container","cl_bg":"#ffffff","border":false,"cl_bd":"#dddddd","cl_ic":"#9e9e9e","cl_hd":"#222222","cl_cot":"#878787","mg":"50px,,,","pd":"","mg_mb":"","pd_mb":""}},"1655191423f99588ce":{"type":"apps","blocks":{"cf74b9f5-d63c-4cbf-88fd-403aaefbcdf2":{"type":"shopify:\/\/apps\/instafeed\/blocks\/app-block\/c447db20-095d-4a10-9725-b5977662c9d5","settings":{"title":"","title_color":"","alignment":"center","html_area":""}}},"block_order":["cf74b9f5-d63c-4cbf-88fd-403aaefbcdf2"],"disabled":true,"settings":{}}},"order":["166013479331402d39","7885f78a-dd56-4c1a-8652-2777194f3a08","1654774008f6d67d84","1656076336ea58b351","1658391494b6d5ef59","1660289118bd4f904b","16547761086d29c92f","816201dc-dfe8-409f-a1a2-4d1f08ecaf46","1654856714afc56d25","28f2d5f1-42d8-4f1d-ad97-62f6a5d46ffa","165487736826772589","16602896806c86dbf4","165476752693412dfc","e8a55b8c-3e9c-4791-aa87-17388bceb974","4f2d6067-e257-4c91-b247-ed463c80ad2d","165487512816704365","16357021760efbe511","e969846b-14b3-4f24-9d7b-8376d260a0e9","1654868432521632b6","1654767570efd4787a","1581508031759","16357041768f51742b","1581530479619","1655191423f99588ce"]}