{"wrapper":"div.mb__60","sections":{"main":{"type":"main-product","blocks":{"title":{"type":"title","settings":{"size":20}},"e4989727-cfc9-4228-bfb4-dae6dfbcc7b8":{"type":"text","settings":{"text":"<p>{{ product.metafields.custom.sub_title.value }}<\/p>"}},"pricereview":{"type":"pricereview","settings":{"price":"2","txt_sale":"1","rating":true,"review_liquid":""}},"size":{"type":"size","settings":{"size_chart":"3","pos_sizeg":"1","sc_type":"1","page":"sizechart","size_ck":"","delivery":false,"page_dr":"sample-page","ask":false}},"frm":{"type":"frm","settings":{"ani":"heartBeat","time":5,"btn_des":"1","btn_txt":"3","swatch_design":"2","style_color":"1","swatch_style":"2","swatch_size":"exlarge","show_qty":true,"btn_atc_full":false,"enable_payment_btn":true}},"meta":{"type":"meta","settings":{"show_pr_vendor":false,"show_sku":false,"show_barcode":false,"show_available":true,"show_category_product":false,"show_tag_product":false}},"db005016-5a06-4bcc-a0fb-65bf3846f90b":{"type":"tab_des","settings":{"title":"Description"}},"c141fd42-e9c2-48f2-a27e-b57c9d267359":{"type":"tab","disabled":true,"settings":{"title":"Size Into","content":"<p>example<\/p>","page":""}},"d0150c25-6e49-44a3-840f-abe83a84721e":{"type":"tab","disabled":true,"settings":{"title":"Details & Care","content":"<p>example<\/p>","page":""}},"70bd1952-ed90-4e95-8afb-e6b5a29ce193":{"type":"tab","disabled":true,"settings":{"title":"About Free People","content":"<p>example<\/p>","page":""}},"social":{"type":"social","disabled":true,"settings":{"class":"tc"}}},"block_order":["title","e4989727-cfc9-4228-bfb4-dae6dfbcc7b8","pricereview","size","frm","meta","db005016-5a06-4bcc-a0fb-65bf3846f90b","c141fd42-e9c2-48f2-a27e-b57c9d267359","d0150c25-6e49-44a3-840f-abe83a84721e","70bd1952-ed90-4e95-8afb-e6b5a29ce193","social"],"settings":{"pr_layout":"default","design_products":"2","size_img_pr":"2","nav_img_pr":"medium","use_sticky_des":false,"ratio_img_main":"ratio1_1","img_size_main":"nt_contain","img_pos_main":"8","ratio_img_thumb":"ratio_imgtrue","img_size_thumb":"nt_contain","img_pos_thumb":"8","pr_sidebar":"none","pr_size_sidebar":"1","breadcrumb_pr":true,"back_next_pr":true,"auto":true}},"product-description":{"type":"pr_description","blocks":{"des":{"type":"des","settings":{"title":"Description"}},"add":{"type":"add","settings":{"title":"Additional Information"}},"rivui":{"type":"rivui","settings":{"title":"Reviews","review_liquid":""}}},"block_order":["des","add","rivui"],"disabled":true,"settings":{"des_pr_design":"2","show":true,"bgcl":"#ffffff","bgclmb":"#ffffff","des_w":"1","des_mb":"2","auto":true,"mg":"30px,,30px,","mg_mb":"0,,0,"}},"product-recommendations":{"type":"product-recommendations","settings":{"show":true,"title":"You may also like","sub_title":"","sub_font":"2","style_title":"title_7 +la","ic_tt":"gem","show_clpr":false,"display_type":"3","limit":4,"space":20,"col_pr":"3","col_pr_tb":"3","col_pr_mb":"6","pr_des":"1 tc","show_vendor":false,"use_cdt":false,"round_cd":false,"cdt_des":"1","loop":true,"au_time":0,"au_hover":true,"button":false,"btn_vi":"1","btn_owl":"1","btn_color":"0","dot":false,"dot_owl":"1","dot_color":"1","use_eq_height":true,"image_ratio":"ratio1_1","image_size":"nt_contain","image_position":"8"}},"recently-viewed-products":{"type":"recently_viewed","settings":{"show":true,"unavailable_prs":"show","title":"Recently viewed products","sub_title":"","sub_font":"2","style_title":"title_1","ic_tt":"gem","show_clpr":false,"limit":4,"sortby":"3","space":20,"col_pr":"3","col_pr_tb":"3","col_pr_mb":"6","pr_des":"1 tc","show_vendor":false,"use_cdt":false,"round_cd":false,"cdt_des":"1","loop":true,"au_time":0,"au_hover":true,"button":false,"btn_vi":"1","btn_owl":"1","btn_color":"0","dot":false,"dot_owl":"1","dot_color":"1","use_eq_height":true,"image_ratio":"ratio_nt","image_size":"nt_contain","image_position":"default"}}},"order":["main","product-description","product-recommendations","recently-viewed-products"]}