{"current":{"general_layout":"cus","cus_w_bd":1350,"body_bg":"#fff","body_bg_image":"","body_bg_repeat":"default","body_bg_size":"default","body_bg_attachment":"default","body_bg_position":"default","home_keywords":"Metro Shoes, Metro Shoes Pakistan, Metro Shoes Sale, Metro Shoes PK","shop_author":"Metro Shoes","use_rtl":false,"list_rtl":"ar","backtop":"1","prevent_copying":false,"falling_snow":false,"catalog_mode":false,"enable_toolbar":true,"enable_new_pp":false,"enable_pro_pr_pp":true,"enable_ck_pp":false,"enable_age_pp":false,"enable_salse_pp":true,"enable_salse_pp_mb":false,"platform_email":"1","klaviyo_list_id":"","ajax_klaviyo":true,"action_mailchimp":"","ajax_mailChimp":true,"checkbox_mail":false,"link_mail":"","enable_infiniteoptions":true,"wishlist_type":"1","app_review":"2","label_settings":"rectangular","use_sale_label":true,"label_sale_style":"2","use_sold_out_label":true,"use_new_label":true,"new_day_added":7,"c_1":"","c_2":"","c_3":"","c_4":"","logo_svg":"","logo":"shopify:\/\/shop_images\/logon.png","logo_retina":"","logo_width":170,"logos":"","logos_retina":"","logos_width":110,"logo_mb":"shopify:\/\/shop_images\/logon_92760244-34a9-4013-8a69-25b7d219f8ef.png","logo_mb_retina":"","logo_mb_width":130,"logo_tr_svg":"","logo_tr":"","logo_tr_retina":"","logo_tr_width":100,"h_banner":false,"h_topbar":true,"full_header":false,"sticky_header":true,"scroll_header":true,"header_design":"8","h_transparent":false,"h_tr_top":false,"h_navmb":62,"mb_cat":false,"only_icon":true,"bgnav":"#ffffff","opnav":100,"clnav":"#393939","clnav_hover":"#ffffff","bgnavst":"#ffffff","opnavst":100,"clnavst":"#ffffff","clnavst_hover":"#ffffff","bgnavtr":"#000000","opnavtr":100,"clnavtr":"#ffffff","h_icon":"iccl","show_search":true,"show_wis":true,"show_acc":true,"cart_des":"1","bg_hc":"#393939","cl_hc":"#ffffff","dark":false,"dark_cl1":"#000000","btnt4_style":"2","cl_bd_text":"#000000","color_primary":"#000000","cl_hd":"#000","cl_se_tt":"#000000","cl_se_subtt":"#000","ld_bar":"#000000","cl_sale":"#e6e6e6","cl_new":"#c0c0c0","cl_sold_out":"#766f6f","clpr_tt":"#000000","clpr_price":"#000000","clpr_price_sale":"#ff0000","clpr_price_goc":"#515151","atw_btn":"#fff","bgqv_btn":"#fff","qv_btn":"#393939","bgqv_btn_hover":"#222","qv_btn_hover":"#fff","bgatc_btn":"#ffffff","atc_btn":"#393939","bgatc_btn_hover":"#393939","atc_btn_hover":"#fff","bgatc_pg":"#000000","atc_pg":"#fff","bgatc_pg_hover":"#198324","atc_pg_hover":"#fff","bgck_btn":"#000","ck_btn":"#fff","bgck_btn_hover":"#198324","ck_btn_hover":"#fff","cl_tooltip":"#383838","cl_tooltip_txt":"#ffffff","cl_lazyload":"#56cfe1","bg_lazyload":"#f5f5f5","use_cus_lz":false,"size_cus_lz":30,"ship_bar2":"#008060","ship_bar3":"#008060","font_source":"2","fnt_bd":"poppins_n4","fnt_heading":"poppins_n4","fnt_sub_tt":"poppins_n4","fnt_bd2":"Brandon_regular ,Arial,sans-serif","fnt_heading2":"Brandon_regular ,Arial,sans-serif","fnt_sub_tt2":"\"Helvetica Neue\",Arial,sans-serif","size_bd_text":16,"fw_bd":400,"bd_line_height":1.4,"hd_letter_spacing":0,"fnt_df_hd":"1","fw_hd":600,"hd_line_height":1.4,"fs_nav":17,"fw_nav":700,"ls_nav":1,"fnt_df_set":"2","size_se_tt":24,"fw_se_tt":600,"lh_se_tt":0,"fnt_df_sub":"1","size_se_stt":14,"fw_se_stt":400,"fnt_df_pr":"1","txt_tr_pr":"capitalize","size_pr":14,"size_price_pr":14,"fw_pr":600,"ls_pr":0,"space_pr":15,"fnt_df_blog":"1","shop_sidebar":"none","shop_size_sidebar":"2","use_hidden_cat":false,"space_sidebar":30,"ajax_shop":true,"ajax_scroll_top":false,"show_column_switch":true,"show_list_switch":true,"default_list_view":false,"sort_enable":true,"cat_sticky":false,"shop_filters":true,"pop_style":"pop_default","main_click":"popup","zoom_tp":"2","pswp_tp":"light","show_zoom_img":false,"pr_curent":"3","fbt_pos":"2","show_first_img":false,"use_vimg":true,"sticky_atc":true,"social_pr":true,"enable_vlooping":true,"use_fimg":true,"color_ck":"","use_clicking_vimg":true,"enable_his":false,"pr_incoming_mess":true,"date_in":"7","remove_sold_out":false,"use_notify_me":true,"share_source":"2","within_cat":true,"use_quickview":true,"use_pr_rating":false,"hide_btns":true,"bordered_grid2":"1","des_btns_pr":"5 pos_pr_btmt4","sw_limit":true,"sw_click":"2","price_format":"2","show_pr_img":"2","hover_img":"2","pr_overlay":0,"use_quickshop":false,"use_buy_qs":false,"swatch_design":"2","style_color":"1","swatch_style":"2","swatch_size":"medium","show_pr_color":true,"show_color_type":"1","pr_swatch_setting":"2","swatch_home_size":"medium","swatch_style_settings":"rounded","show_pr_size":false,"pr_size_pos":"2","show_size_type":"1","size_ck":"","min_qty":"0","use_cart_cd":false,"cart_time":10,"cart_pos":"side","after_action_atc":"3","search_pos":"canvas","ajax_search":true,"filter_type_search":false,"only_search_prs":true,"unavailable_prs":"hide","show_search_suggest":false,"search_prs_suggest":"trending","lr_enable":true,"use_privacy_policy":false,"privacy_policy_link":"","login_side":true,"free_ship_pr":"skinny-jeans-in-black","des_shipbar":"0","gift_wrap_pr":"gift-wrap","link_ship":"","link_conditions":"","ship_calc_df_country":"PKR","show_multiple_currencies":true,"auto_currency":true,"currency_type":"2","flag_currency":true,"size_currency":"sm","currency_pos":"0","supported_currencies":"PKR - PKR | EUR - EUR | USD - USD | GBP - GBP | SEK -SEK","currency_format":"money_format","round_currency":false,"notify_currency":true,"mess_currency":"All charges are billed in {{ currency }}. While the content of your cart is currently displayed in <span class=\"selected-currency\"><\/span>, the checkout will use {{ currency }} at the most current exchange rate.","hover_currency":false,"colors_css":true,"custom_css":false,"custom_js":true,"share_image":"","share_facebook":true,"share_twitter":true,"share_pinterest":true,"share_tumblr":false,"share_email":true,"share_telegram":false,"social_facebook_link":"https:\/\/www.facebook.com\/metroshoesofficial","social_twitter_link":"https:\/\/twitter.com\/MetroShoesbyNY","social_instagram_link":"https:\/\/www.instagram.com\/metroshoespakistan\/","social_dribbble_link":"","social_linkedin_link":"","social_pinterest_link":"http:\/\/pinterest.com\/metroshoespk\/","social_tumblr_link":"","social_youtube_link":"https:\/\/www.youtube.com\/user\/MetroSh0es","social_behance_link":"","social_soundcloud_link":"","favicon":"shopify:\/\/shop_images\/favicon_161bc284-3d54-4799-b426-f48e27a4252b.jpg","favicon_apple":"shopify:\/\/shop_images\/k_favi_2x_5b779e5a-7ac4-4e6f-8840-83008c4d62f3.png","checkout_header_image":"","checkout_logo_image":"shopify:\/\/shop_images\/logo.png","checkout_logo_position":"center","checkout_logo_size":"large","checkout_body_background_color":"#fff","checkout_input_background_color_mode":"white","checkout_sidebar_background_image":"","checkout_sidebar_background_color":"#fafafa","checkout_heading_font":"-apple-system, BlinkMacSystemFont, 'Segoe UI', Roboto, Helvetica, Arial, sans-serif, 'Apple Color Emoji', 'Segoe UI Emoji', 'Segoe UI Symbol'","checkout_body_font":"-apple-system, BlinkMacSystemFont, 'Segoe UI', Roboto, Helvetica, Arial, sans-serif, 'Apple Color Emoji', 'Segoe UI Emoji', 'Segoe UI Symbol'","checkout_accent_color":"#197bbd","checkout_button_color":"#3db725","checkout_error_color":"#e32c2b","checkout_layout":"onepage","shop_layout":"default","shop_des":"default","des_pr_design":"1","pr_sidebar":"none","pr_size_sidebar":"2","prefix":"none","back_next_pr":true,"ratio_img_main":"ratio_imgtrue","img_size_main":"nt_contain","img_pos_main":"8","ratio_img_thumb":"ratio_imgtrue","img_size_thumb":"nt_cover","img_pos_thumb":"8","review_liquid":"","pr_layout":"default","design_products":"1","size_img_pr":"2","nav_img_pr":"medium","use_sticky_des":false,"enable_tag":true,"filter_price_list":"$7-$50, $50-$150, $150-$500","cat_des":"1","des_pr_layout":"1","pr_sidebar_full":false,"blog_layout":"default","blog_sidebar":"none","blog_size_sidebar":"2","blog_slider":true,"checkout_url":"","enable_import":true,"use_eq_thumb_height":false,"img_ratio_thumb":"ratio_nt","use_eq_nav_height":false,"img_ratio_nav":"ratio_nt","img_size_nav":"nt_cover","img_pos_nav":"8","hide_currency":false,"remove_currency":false,"sup_currency":false,"fv_counter":false,"favicon_animation":"pop","fv_bgcolor":"#56cfe1","fv_txtcolor":"#ffffff","enable_pro_pp":false,"operation_days":"Mon:1700-2100,Tue:1700-2100,Wed:1700-2200,Thu:1700-2200,Fri:1700-2300,Sat:1200-2300,Sun:1200-2100","timezones":"","sale_cl":"#ec0101","color_body_text":"#555555","color_price_sale":"#ec0101","color_lazyload":"#f5f5f5","color_secondary":"#1b1919","color_sale":"#ff4e00","color_new":"#56cfd9","color_sold_out":"#999","color_btn_slider":"#f76b6a","color_btn_slider_text":"#fff","color_btn_add":"#f76b6a","color_btn_add_text":"#fff","color_btn_qv":"#383838","color_btn_qv_text":"#fff","color_btn_vc":"#2d2d2d","color_btn_vc_text":"#fff","color_btn_ck":"#f76b6a","color_btn_ck_text":"#fff","color_threshold_bar":"#ff4b4b","color_ship":"#f76b6a","color_ship_bar":"#95bf47","color_add_page":"#f76b6a","color_add_page_text":"#fff","color_add_sticky":"#f76b6a","color_add_sticky_text":"#fff","border_color_tab":"#f76b6a","color_mbnav":"#f76b6a","color_mbnav_text":"#fff","color_vernav":"#f76b6a","color_vernav_text":"#fff","color_btn_now":"#000","color_btn_now_text":"#fff","color_input_new":"#333333","color_sign_up":"#f76b6a","color_sign_up_text":"#fff","color_backtop":"#f76b6a","color_backtop_text":"#fff","color_tooltip":"#383838","color_tooltip_text":"#fff","font_body_text":"poppins_n4","size_body_text":14.5,"body_line_height":1.2,"font_heading":"poppins_n4","titles_line_height":1.4,"size_heading":36,"size_text_h1":28,"size_text_h2":24,"size_text_h3":22,"size_text_h4":18,"size_text_h5":16,"size_text_h6":12,"fnt_sub_title":"libre_baskerville_i4","show_back_next_pr":true,"upsell_cart":"","show_custom_css":false,"show_custom_js":false,"color_sale_50":"#ff4e00","show_inline_t4css":true,"sections":{"header_top":{"type":"header_top","blocks":{"header_top-0":{"type":"text","disabled":true,"settings":{"text":"Free Delivery Nationwide for Orders PKR 3000 and above<i class=\"pegk pe-7s-call\"><\/i><a class=\"cg\" href=\"tel:%20+0123456789\"> +01 23456789 <\/a> <i class=\"pegk pe-7s-mail ml__15\"><\/i> <a class=\"cg\" href=\"mailto:kalles@domain.com\">Kalles@domain.com<\/a>","hide":false,"col":"12"}},"2aa242b9-009c-46b9-85eb-48b1da92249f":{"type":"cur","settings":{"hide":false,"show_location":false,"url_location":"","open_link":"_self","col":"2"}},"0bf2f08f-ba76-49fb-8da3-0de4da9b7ec7":{"type":"text2","settings":{"text":"<p><strong>Free Delivery Nationwide for Orders PKR 2000 and Above<\/strong><\/p>","effect":"0","au_time":4,"hide":false,"col":"6"}}},"block_order":["header_top-0","2aa242b9-009c-46b9-85eb-48b1da92249f","0bf2f08f-ba76-49fb-8da3-0de4da9b7ec7"],"settings":{"height":20,"fontsize":14,"cl":"#000000","cl_a":"#a4a4a4","cl_cr":"#ec0101","bg":"#ffffff","bg_op":69,"show_border":false,"bd_cl":"#000000","cl_tr":"#ffffff","cl_a_tr":"#ffffff","cl_cr_tr":"#ec0101","bg_tr":"#000000","bg_op_tr":10,"show_border_tr":false,"bd_cl_tr":"#b3b3b3"}},"header_3":{"type":"header_3","blocks":{"ec1e6927-0210-49c0-9869-445dae47e1a3":{"type":"list","settings":{"title":"New In","url":"shopify:\/\/collections\/new-in","open_link":"_self","menu":"","col":"3","icon":"","cus_cl":false,"cl":"#ec0101","lb":"","lb_cl":"","lazy_mn":true,"pos":"center","wid":"cus","cus_wid":1000,"enable_cat":true,"cat_design":"1","hoverz":true,"cat_ratio":"ratio_adapt","cat_size":"nt_cover","cat_position":"8","enable_pr":true,"pr_des":"1","show_vendor":false,"use_cdt":false,"round_cd":false,"cdt_des":"1","use_eq_height":false,"image_ratio":"ratio_nt","image_size":"nt_cover","image_position":"8"}},"e8b98082-923e-43ff-8f35-2becdbaa362d":{"type":"dropdown","settings":{"title":"Summer Clearance","url":"shopify:\/\/collections\/sale-shoes","open_link":"_self","menu":"summer-sale","icon":"","cus_cl":true,"cl":"#ec0101","lb":"","lb_cl":"","lazy_mn":true,"pos":"right"}},"8d3d33a8-4adb-4b47-bae3-ca55e955f1b4":{"type":"dropdown","settings":{"title":"Women","url":"shopify:\/\/collections\/view-all","open_link":"_self","menu":"shoes","icon":"","cus_cl":false,"cl":"#ec0101","lb":"","lb_cl":"","lazy_mn":true,"pos":"right"}},"a068762d-1f20-4018-beea-7117d0986595":{"type":"dropdown","settings":{"title":"Men","url":"https:\/\/www.metroshoes.com.pk\/collections\/mens-shoes","open_link":"_self","menu":"men","icon":"","cus_cl":false,"cl":"#ec0101","lb":"","lb_cl":"","lazy_mn":true,"pos":"right"}},"1618f086-abef-45ee-9ab9-a2f2e0702b84":{"type":"dropdown","settings":{"title":"Bags","url":"shopify:\/\/collections\/bags","open_link":"_self","menu":"bags","icon":"","cus_cl":false,"cl":"#ec0101","lb":"","lb_cl":"","lazy_mn":true,"pos":"right"}},"c1ad0517-6d91-4d5e-b514-6e63954762a9":{"type":"list","settings":{"title":"Clothing","url":"shopify:\/\/collections\/pret","open_link":"_self","menu":"","col":"3","icon":"","cus_cl":false,"cl":"#ec0101","lb":"","lb_cl":"","lazy_mn":true,"pos":"center","wid":"cus","cus_wid":1000,"enable_cat":true,"cat_design":"1","hoverz":true,"cat_ratio":"ratio_adapt","cat_size":"nt_cover","cat_position":"8","enable_pr":true,"pr_des":"1","show_vendor":false,"use_cdt":false,"round_cd":false,"cdt_des":"1","use_eq_height":false,"image_ratio":"ratio_nt","image_size":"nt_cover","image_position":"8"}},"14c78fde-ab6d-4cdc-bac3-2c4d83306b71":{"type":"dropdown","settings":{"title":"Accessories","url":"shopify:\/\/collections\/cosmetics","open_link":"_self","menu":"accessories","icon":"","cus_cl":false,"cl":"#ec0101","lb":"","lb_cl":"","lazy_mn":true,"pos":"right"}},"38c5e454-608c-4d8e-82ef-ee6f1f21a45f":{"type":"list","disabled":true,"settings":{"title":"Outlets","url":"shopify:\/\/pages\/outlets","open_link":"_self","menu":"","col":"3","icon":"","cus_cl":false,"cl":"#ec0101","lb":"","lb_cl":"","lazy_mn":true,"pos":"center","wid":"cus","cus_wid":1000,"enable_cat":true,"cat_design":"1","hoverz":true,"cat_ratio":"ratio_adapt","cat_size":"nt_cover","cat_position":"8","enable_pr":true,"pr_des":"1","show_vendor":false,"use_cdt":false,"round_cd":false,"cdt_des":"1","use_eq_height":false,"image_ratio":"ratio_nt","image_size":"nt_cover","image_position":"8"}},"1585641227863":{"type":"mega","disabled":true,"settings":{"title":"Shop","url":"https:\/\/kalles-demo.myshopify.com\/collections\/women\/?preview_theme_id=","open_link":"_self","icon":"","cus_cl":false,"cl":"#ec0101","lb":"New","lb_cl":"","lazy_mn":true,"pos":"center","wid":"cus","cus_wid":950}},"1585991609385":{"type":"link","disabled":true,"settings":{"tt_hd":"SHOP PAGES","url":"https:\/\/kalles-demo.myshopify.com\/collections\/women\/?preview_theme_id=","open_link":"_self","menu":"","col":"2"}},"1585991685838":{"type":"link","disabled":true,"settings":{"tt_hd":"FEATURES","url":"https:\/\/kalles-demo.myshopify.com\/collections\/women\/?preview_theme_id=","open_link":"_self","menu":"","col":"2"}},"1585641269506":{"type":"cat","disabled":true,"settings":{"cat_design":"1","hoverz":true,"collection":"women","title":"","col":"4"}},"1586766954308":{"type":"cat","disabled":true,"settings":{"cat_design":"1","hoverz":true,"collection":"men","title":"","col":"4"}},"504c41cf-3799-4c0f-ba94-a387ae791984":{"type":"list","disabled":true,"settings":{"title":"Product","url":"https:\/\/kalles-demo.myshopify.com\/collections\/trending\/products\/blush-beanie\/?preview_theme_id=","open_link":"_self","menu":"","col":"3","icon":"","cus_cl":false,"cl":"#ec0101","lb":"","lb_cl":"","lazy_mn":true,"pos":"center","wid":"cus","cus_wid":1050,"enable_cat":true,"cat_design":"1","hoverz":true,"cat_ratio":"ratio_adapt","cat_size":"nt_cover","cat_position":"8","enable_pr":true,"pr_des":"1","show_vendor":false,"use_cdt":false,"round_cd":false,"cdt_des":"1","use_eq_height":false,"image_ratio":"ratio_nt","image_size":"nt_cover","image_position":"8"}},"1586767100450":{"type":"mega","disabled":true,"settings":{"title":"Sale","url":"shopify:\/\/collections\/sale","open_link":"_self","icon":"","cus_cl":true,"cl":"#ec0101","lb":"Sale","lb_cl":"#ffa800","lazy_mn":true,"pos":"center","wid":"cus","cus_wid":1200}},"1586767322260":{"type":"link2","disabled":true,"settings":{"col":"2","menu":""}},"1586767123172":{"type":"pr","disabled":true,"settings":{"limit":6,"id_cat":"trending","column_pr":4,"pr_des":"1","show_vendor":false,"pr_lay":"2","use_cdt":false,"round_cd":false,"cdt_des":"1","use_eq_height":false,"image_ratio":"ratio_nt","image_size":"nt_cover","image_position":"8","col":"10"}},"1585641802325":{"type":"dropdown","disabled":true,"settings":{"title":"Portfolio","url":"https:\/\/kalles-demo.myshopify.com\/blogs\/portfolio\/?preview_theme_id=","open_link":"_self","menu":"","icon":"","cus_cl":false,"cl":"#ec0101","lb":"","lb_cl":"","lazy_mn":true,"pos":"right"}},"1585641835304":{"type":"dropdown","disabled":true,"settings":{"title":"Lookbook","url":"https:\/\/kalles-demo.myshopify.com\/blogs\/life-style\/the-easiest-way-to-break-out-on-top-1\/?preview_theme_id=","open_link":"_self","menu":"","icon":"","cus_cl":false,"cl":"#ec0101","lb":"","lb_cl":"","lazy_mn":true,"pos":"right"}}},"block_order":["ec1e6927-0210-49c0-9869-445dae47e1a3","e8b98082-923e-43ff-8f35-2becdbaa362d","8d3d33a8-4adb-4b47-bae3-ca55e955f1b4","a068762d-1f20-4018-beea-7117d0986595","1618f086-abef-45ee-9ab9-a2f2e0702b84","c1ad0517-6d91-4d5e-b514-6e63954762a9","14c78fde-ab6d-4cdc-bac3-2c4d83306b71","38c5e454-608c-4d8e-82ef-ee6f1f21a45f","1585641227863","1585991609385","1585991685838","1585641269506","1586766954308","504c41cf-3799-4c0f-ba94-a387ae791984","1586767100450","1586767322260","1586767123172","1585641802325","1585641835304"],"settings":{"height":70,"arrow":false,"align":"tc","hover":"hover_side_up"}},"footer_top":{"type":"footer_top","blocks":{"1581507819652":{"type":"logo","settings":{"align":"tl_md","align_mb":"tl","logo_width":95,"title":"Get in touch","content":"<p><i class=\"pegk pe-7s-map-marker\"> <\/i><span>6th Floor Makkah Tower, Adam Jee Road Opposite to Old Varan Bus Stop\nSaddar Rawalpindi, 46000<\/span><\/p><p><i class=\"pegk pe-7s-mail\"><\/i><span> <a href=\"mailto:care@metroshoes.com.pk\">care@metroshoes.com.pk<\/a><\/span><\/p><p>Office Timings 9:30 AM to 5:00 PM Mon To Fri<\/p>\n<p>Any Query Contact with <br>Marketing Department Ext. 127 &amp; 144 <\/p><p><i class=\"pegk pe-7s-call\"><\/i> <span>051-5519497→127 <\/span><\/p>","social_mode":"3","order":"1","cl":"4","cl_tb":"6","cl_mb":"12"}},"1581507824602":{"type":"menu","settings":{"title":"Explore by Collection","menu":"main1","order":"1","cl":"2","cl_tb":"6","cl_mb":"12"}},"1581507828337":{"type":"menu","settings":{"title":"Explore","menu":"footer","order":"1","cl":"2","cl_tb":"6","cl_mb":"12"}},"1581507840818":{"type":"menu","disabled":true,"settings":{"title":"Useful links","menu":"","order":"1","cl":"2","cl_tb":"6","cl_mb":"12"}},"1581507835369":{"type":"mail","settings":{"newl_des":"1","btn_icon":false,"title":"Connect","sub_title":"Sign Up","source":"1","svg":"amazon_payments,american_express,apple_pay,bitcoin,dankort,diners_club,discover,dogecoin,dwolla,forbrugsforeningen,interac,google_pay,jcb,klarna,klarna-pay-later,litecoin,maestro,master,paypal,shopify_pay,sofort,visa","height":30,"order":"1","cl":"3","cl_tb":"6","cl_mb":"12"}}},"block_order":["1581507819652","1581507824602","1581507828337","1581507840818","1581507835369"],"settings":{"sticky":false,"accordions":true,"border":false,"bd_cl":"#000000","cl_h":"#000000","cl":"#292929","cl_a":"#292929","cl_hover":"#ec0101","cl_ip":"#878787","bd_ip":"#878787","cl_btn":"#222222","cl_txt":"#ffffff","bg":"#ffffff","bg_repeat":"no-repeat","bg_size":"cover","bg_att":"scroll","bg_pos":"center center","cl_overlay":"#000000","cl_opacity":0}},"footer_bot":{"type":"footer_bot","blocks":{"1581507860120":{"type":"copy","settings":{"text":"Copyright © [year] Metro Shoes All rights reserved."}},"1581507855652":{"type":"menu","disabled":true,"settings":{"menu":"footer"}}},"block_order":["1581507860120","1581507855652"],"settings":{"layout":"12","bg":"#000000","cl":"#878787","cl_a":"#878787","cl_hover":"#56cfe1"}},"cart_widget":{"type":"cart_widget","blocks":{"cart_widget-0":{"type":"price","settings":{}},"cart_widget-3":{"type":"btnc","settings":{}},"cart_widget-4":{"type":"btnck","settings":{}},"cart_widget-5":{"type":"btnmr","settings":{}},"cart_widget-6":{"type":"img","settings":{}},"cart_widget-7":{"type":"btn","settings":{"title":"Return To Shop","url":"","style":"primary tu"}}},"block_order":["cart_widget-0","cart_widget-3","cart_widget-4","cart_widget-5","cart_widget-6","cart_widget-7"],"custom_css":[".mini_cart_upsell__title {color: #000 !important;}"],"settings":{"style":"1","pos":"2","enable_pr":true,"calc_ship":true,"show_note":true,"show_rates":true,"show_discount":true,"show_gift_wrap":true}},"mb_nav":{"type":"mb_nav","blocks":{"mb_nav-0":{"type":"menu","disabled":true,"settings":{"title":"Menu","url":"https:\/\/kalles-demo.myshopify.com\/?preview_theme_id=","open_link":"_self","menu":"mega-menu","icon":"","lb":"","lb_cl":""}},"mb_nav-1":{"type":"menu","disabled":true,"settings":{"title":"Shop","url":"shopify:\/\/collections\/trending","open_link":"_self","menu":"","icon":"","lb":"","lb_cl":""}},"mb_nav-2":{"type":"menu","disabled":true,"settings":{"title":"Product","url":"shopify:\/\/products\/skin-sweatpans","open_link":"_self","menu":"","icon":"","lb":"","lb_cl":""}},"1585642902196":{"type":"menu","disabled":true,"settings":{"title":"Sale","url":"","open_link":"_self","menu":"","icon":"","lb":"","lb_cl":""}},"1585642908420":{"type":"menu","disabled":true,"settings":{"title":"Portfolio","url":"shopify:\/\/blogs\/portfolio","open_link":"_self","menu":"","icon":"","lb":"","lb_cl":""}},"mb_nav-3":{"type":"menu","disabled":true,"settings":{"title":"Lookbook","url":"shopify:\/\/products\/analogue-resin-strap","open_link":"_self","menu":"","icon":"","lb":"","lb_cl":""}},"1585642887352":{"type":"menu","disabled":true,"settings":{"title":"Blog","url":"","open_link":"_self","menu":"","icon":"","lb":"","lb_cl":""}},"mb_nav-4":{"type":"wis","disabled":true,"settings":{}},"mb_nav-5":{"type":"sea","disabled":true,"settings":{}},"mb_nav-6":{"type":"acc","disabled":true,"settings":{}},"mb_nav-7":{"type":"help","disabled":true,"settings":{"title":"Need help?","text":"<i class=\"pegk pe-7s-call fwb mr__10\"><\/i>+01 23456789<br><i class=\"pegk pe-7s-mail fwb mr__10\"><\/i><a class=\"cg\" href=\"mailto:claue@domain.com\">claue@domain.com<\/a>"}},"mb_nav-8":{"type":"cur","disabled":true,"settings":{}},"24ef2b68-d9cf-4c49-a6d6-7179dd0397c2":{"type":"menu_list","settings":{"menu":"m-nav"}}},"block_order":["mb_nav-0","mb_nav-1","mb_nav-2","1585642902196","1585642908420","mb_nav-3","1585642887352","mb_nav-4","mb_nav-5","mb_nav-6","mb_nav-7","mb_nav-8","24ef2b68-d9cf-4c49-a6d6-7179dd0397c2"],"settings":{}},"mb_cat":{"type":"mb_cat","blocks":{"1585641915360":{"type":"cat","settings":{"cat":"","title":"Women’s Clothing","url":"","menu":"mega-menu","lb":"","lb_cl":"#e91e63","icons_op":"2","icon":"female"}},"1585642130935":{"type":"cat","disabled":true,"settings":{"cat":"men","title":"Men’s Clothing","url":"","menu":"","lb":"","lb_cl":"#e91e63","icons_op":"2","icon":"male"}},"1585642167981":{"type":"cat","settings":{"cat":"watches","title":"Watches","url":"","menu":"","lb":"","lb_cl":"#e91e63","icons_op":"2","icon":"clock"}},"1585642277236":{"type":"cat","disabled":true,"settings":{"cat":"acessories","title":"Acessories","url":"","menu":"","lb":"","lb_cl":"#e91e63","icons_op":"2","icon":"glasses"}},"1585642450066":{"type":"cat","disabled":true,"settings":{"cat":"electric","title":"","url":"","menu":"","lb":"","lb_cl":"#e91e63","icons_op":"2","icon":"camera-retro"}},"1585642600575":{"type":"cat","settings":{"cat":"shoes","title":"Shoes","url":"","menu":"","lb":"","lb_cl":"#e91e63","icons_op":"2","icon":"shoe-prints"}},"1585642629333":{"type":"cat","disabled":true,"settings":{"cat":"jewellry","title":"Jewellery","url":"","menu":"","lb":"","lb_cl":"#e91e63","icons_op":"2","icon":"gem"}},"1585642644518":{"type":"cat","settings":{"cat":"footwear","title":"T-Shirt","url":"","menu":"","lb":"","lb_cl":"#e91e63","icons_op":"2","icon":"tshirt"}},"1585642780875":{"type":"cat","disabled":true,"settings":{"cat":"decor","title":"Toys, Kids & Baby","url":"","menu":"","lb":"","lb_cl":"#e91e63","icons_op":"2","icon":"child"}},"1585642798957":{"type":"cat","disabled":true,"settings":{"cat":"decor","title":"Decor","url":"","menu":"","lb":"","lb_cl":"#e91e63","icons_op":"2","icon":"chair"}}},"block_order":["1585641915360","1585642130935","1585642167981","1585642277236","1585642450066","1585642600575","1585642629333","1585642644518","1585642780875","1585642798957"],"settings":{}},"toolbar_mobile":{"type":"toolbar_mobile","blocks":{"toolbar_mobile-0":{"type":"shop","settings":{"title":"Shop","link":"view-all"}},"1581912867486":{"type":"filter","settings":{"title":"Filter"}},"toolbar_mobile-1":{"type":"wish","settings":{"title":"Wishlist"}},"toolbar_mobile-2":{"type":"cart","settings":{"title":"Cart"}},"toolbar_mobile-3":{"type":"account","settings":{"title":"Account"}},"toolbar_mobile-4":{"type":"search","settings":{"title":"Search"}}},"block_order":["toolbar_mobile-0","1581912867486","toolbar_mobile-1","toolbar_mobile-2","toolbar_mobile-3","toolbar_mobile-4"],"settings":{"show_txt":true}},"header_banner":{"type":"header_banner","settings":{"link":"","text":"<strong>Orders placed after 18th April 2023 will be deliver post Eid-ul-Fitar.<\/strong>","countdown":"","dayx":4,"effect":"0","au_time":1,"height":20,"fontsize":12,"cl":"#ffffff","bg":"#403a3a","bg_op":100,"show_close":false,"show_icon":false,"txt_btn":"close","cl_btn":"#ffffff","ver":1,"date":60}},"nt_filter":{"type":"nt_filter","blocks":{"1581909372373":{"type":"color","settings":{"hidden_block":false,"title":"By Color","arra_enter":"Red,White,Brown,Blue, Black, Green, Grey, Sliver,Pink","use_auto_filter_tag":true,"key":"Color"}},"1581914074326":{"type":"other","settings":{"hidden_block":false,"title":"By Price","arra_enter":"","use_auto_filter_tag":true,"key":"Price","style":"ck"}},"1581913909406":{"type":"other","settings":{"hidden_block":false,"title":"By Size","arra_enter":"","use_auto_filter_tag":true,"key":"Size","style":"ck"}},"1581913174211":{"type":"brand","settings":{"hidden_block":false,"title":"By Brand","arra_enter":"","use_auto_filter_tag":true,"key":"Vendor","style":"ck"}}},"block_order":["1581909372373","1581914074326","1581913909406","1581913174211"],"settings":{}},"sticky_atc":{"type":"sticky_atc","settings":{"mb":true,"ani":"none","time":6}},"sales_popup":{"type":"sales_popup","settings":{"collection_id":"new-in","limit":50,"index":false,"product":false,"collection":false,"article":false,"blog":false,"cart":false,"page":false,"pp_type":"2","start_time":5,"start_time_unit":"1000","stay_time":10,"stay_time_unit":"1000","show_cl":true,"show_qv":true,"list_user":"","show_time":false,"list_time":"4 hours ago | 2 hours ago | 45 minutes ago | 1 day ago | 8 hours ago | 10 hours ago | 25 minutes ago | 2 day ago | 5 hours ago | 40 minutes ago","show_verify":false,"des":"2","pp_ani":"anislideInUp","txt1":"purchased","txt2":"Verified"}},"promo_pr_pp":{"type":"promo_pr_pp","settings":{"title":"Wait! Can't find what you're looking for?","sub_title":"Maybe this will help...","sub_font":"2","btn_title":"See all products","style_title":"title_2","ic_tt":"gem","show_clpr":false,"collection_id":"sale-shoes","limit":8,"col_pr":"3","pr_des":"1 tc","show_vendor":false,"use_cdt":false,"round_cd":false,"cdt_des":"1","loop":true,"au_time":0,"au_hover":true,"button":false,"btn_vi":"1","btn_owl":"1","btn_color":"0","dot":false,"dot_owl":"1","dot_color":"1","use_eq_height":true,"image_ratio":"ratio1_1","image_size":"nt_contain","image_position":"8","index":false,"product":false,"collection":false,"article":false,"blog":false,"cart":false,"page":false,"day_next":1}},"re_upsell":{"type":"re_upsell","settings":{"title":"You may also like","sub_title":"","sub_font":"2","style_title":"title_2","ic_tt":"gem","show_clpr":false,"display_type":"3","limit":6,"space":30,"col_pr":"3","col_pr_tb":"3","col_pr_mb":"6","pr_des":"1","show_vendor":false,"use_cdt":false,"round_cd":false,"cdt_des":"1","use_eq_height":false,"image_ratio":"ratio_nt","image_size":"nt_cover","image_position":"8"}},"main-qv":{"type":"main-qv","blocks":{"main-qv-0":{"type":"title","settings":{"size":16}},"main-qv-1":{"type":"pricereview","settings":{"price":"0","txt_sale":"1","rating":true,"review_liquid":""}},"main-qv-4":{"type":"size","settings":{"size_chart":"3","pos_sizeg":"1","sc_type":"1","page":"","size_ck":"","delivery":false,"page_dr":"","ask":false}},"main-qv-3":{"type":"frm","settings":{"ani":"heartBeat","time":4,"btn_des":"1","btn_txt":"3","swatch_design":"2","style_color":"1","swatch_style":"1","swatch_size":"medium","show_qty":true,"btn_atc_full":false,"enable_payment_btn":true}},"main-qv-2":{"type":"des","settings":{"des":"2","text":"","length":31,"readm":false,"readm_txt":"Read more"}},"main-qv-5":{"type":"meta","disabled":true,"settings":{"show_pr_vendor":true,"show_sku":true,"show_barcode":false,"show_available":true,"show_category_product":true,"show_tag_product":true}},"main-qv-6":{"type":"social","disabled":true,"settings":{"class":"tc"}}},"block_order":["main-qv-0","main-qv-1","main-qv-4","main-qv-3","main-qv-2","main-qv-5","main-qv-6"],"settings":{"demo_pr":"","ratio_img_main":"ratio_nt","img_size_main":"nt_contain","img_pos_main":"8"}},"header_1":{"type":"header_1","settings":{"height":62}},"header_2":{"type":"header_2","blocks":{"header_2-0":{"type":"simple","settings":{"title":"Heading 1","url":"#","open_link":"_self","icon":"","cus_cl":false,"cl":"#ec0101","lb":"","lb_cl":""}},"header_2-1":{"type":"logo","settings":{}},"header_2-2":{"type":"simple","settings":{"title":"Heading 2","url":"#","open_link":"_self","icon":"","cus_cl":false,"cl":"#ec0101","lb":"","lb_cl":""}}},"block_order":["header_2-0","header_2-1","header_2-2"],"settings":{"height":62,"arrow":false,"source":"1","txt":"Welcome to our store!","social":"2","align":"tc","hover":"hover_side_up"}},"header_4":{"type":"header_4","blocks":{"header_4-0":{"type":"simple","settings":{"title":"Heading 1","url":"#","open_link":"_self","icon":"","cus_cl":false,"cl":"#ec0101","lb":"","lb_cl":""}},"header_4-1":{"type":"simple","settings":{"title":"Heading 2","url":"#","open_link":"_self","icon":"","cus_cl":false,"cl":"#ec0101","lb":"","lb_cl":""}}},"block_order":["header_4-0","header_4-1"],"settings":{"height":62,"height_2":63,"arrow":false,"border":true,"color":"#ececec","source":"1","txt":"Welcome to our store!","social":"2","align":"tc","hover":"hover_side_up"}},"header_5":{"type":"header_5","blocks":{"header_5-0":{"type":"simple","settings":{"title":"Heading 1","url":"#","open_link":"_self","icon":"","cus_cl":false,"cl":"#ec0101","lb":"","lb_cl":""}},"header_5-1":{"type":"simple","settings":{"title":"Heading 2","url":"#","open_link":"_self","icon":"","cus_cl":false,"cl":"#ec0101","lb":"","lb_cl":""}}},"block_order":["header_5-0","header_5-1"],"settings":{"height":62,"arrow":false,"align":"tl","hover":"hover_side_up"}},"header_7":{"type":"header_7","blocks":{"header_7-0":{"type":"menu","settings":{"title":"Heading 1","url":"#","open_link":"_self","menu":"","icon":"","cus_cl":false,"cl":"#ec0101","lb":"","lb_cl":""}},"header_7-1":{"type":"menu","settings":{"title":"Heading 2","url":"#","open_link":"_self","menu":"","icon":"","cus_cl":false,"cl":"#ec0101","lb":"","lb_cl":""}}},"block_order":["header_7-0","header_7-1"],"settings":{"show_currencies":true,"source":"2","txt":"Welcome to our store!","social":"2"}},"hcat_nav":{"type":"hcat_nav","blocks":{"hcat_nav-0":{"type":"simple","settings":{"title":"Heading 1","url":"#","open_link":"tg1","icons_op":"2","icon":"chair","cus_cl":false,"cl":"#ec0101","lb":"","lb_cl":""}},"hcat_nav-1":{"type":"simple","settings":{"title":"Heading 2","url":"#","open_link":"tg1","icons_op":"2","icon":"chair","cus_cl":false,"cl":"#ec0101","lb":"","lb_cl":""}}},"block_order":["hcat_nav-0","hcat_nav-1"],"settings":{}},"header_8":{"type":"header_8","blocks":{"228de85a-78fa-48d2-b5c4-5cdb389dcf79":{"type":"simple","settings":{"title":"New","url":"shopify:\/\/collections\/new-in","open_link":"_self","icon":"","cus_cl":false,"cl":"#ec0101","lb":"","lb_cl":""}},"1d893328-de41-4112-9e44-9c53c625b36e":{"type":"dropdown","settings":{"title":"Sale","url":"shopify:\/\/collections\/sale-shoes","open_link":"_self","menu":"summer-sale","icon":"","cus_cl":true,"cl":"#ff0000","lb":"!!!","lb_cl":"#ff0000","lazy_mn":true,"pos":"right"}},"417a9da2-b0d2-499a-aa86-79a8216f63c8":{"type":"simple","disabled":true,"settings":{"title":"Autumn\/Winter '22","url":"shopify:\/\/collections\/pumps-shoes","open_link":"_self","icon":"","cus_cl":false,"cl":"#ec0101","lb":"","lb_cl":""}},"8bcd6c84-362c-4b15-9817-f17bac0ab430":{"type":"dropdown","settings":{"title":"Women","url":"shopify:\/\/collections\/view-all","open_link":"_self","menu":"shoes","icon":"","cus_cl":false,"cl":"#ec0101","lb":"","lb_cl":"","lazy_mn":true,"pos":"right"}},"4c302f11-a5a2-41a9-a626-75b9df7ae674":{"type":"list","disabled":true,"settings":{"title":"Women","url":"shopify:\/\/collections\/view-all","open_link":"_self","menu":"shoes","col":"6","icon":"","cus_cl":false,"cl":"#ec0101","lb":"","lb_cl":"","lazy_mn":true,"pos":"default","wid":"full","cus_wid":500,"enable_cat":false,"cat_design":"1","hoverz":true,"cat_ratio":"ratio_nt","cat_size":"nt_cover","cat_position":"8","enable_pr":true,"pr_des":"1","show_vendor":false,"use_cdt":false,"round_cd":false,"cdt_des":"1","use_eq_height":false,"image_ratio":"ratio_nt","image_size":"nt_cover","image_position":"8"}},"2097cf8a-bf9b-4a16-b91d-6845a059474e":{"type":"dropdown","settings":{"title":"Men","url":"https:\/\/www.metroshoes.com.pk\/collections\/mens-shoes","open_link":"_self","menu":"men","icon":"","cus_cl":false,"cl":"#ec0101","lb":"","lb_cl":"","lazy_mn":true,"pos":"right"}},"0206f9ec-fc42-49ad-af1f-47e0a65582fa":{"type":"simple","disabled":true,"settings":{"title":"Kids","url":"shopify:\/\/collections\/kids","open_link":"_self","icon":"","cus_cl":false,"cl":"#ec0101","lb":"","lb_cl":""}},"46dc7845-9ed7-4a20-9480-966712aaea3d":{"type":"dropdown","settings":{"title":"Bags","url":"https:\/\/www.metroshoes.com.pk\/collections\/bags","open_link":"_self","menu":"bags","icon":"","cus_cl":false,"cl":"#ec0101","lb":"","lb_cl":"","lazy_mn":true,"pos":"right"}},"504a82f3-ab55-4e5d-b0da-37f10eb8edf7":{"type":"dropdown","settings":{"title":"Clothing","url":"https:\/\/www.metroshoes.com.pk\/collections\/pret","open_link":"_self","menu":"clothing","icon":"","cus_cl":false,"cl":"#ec0101","lb":"","lb_cl":"","lazy_mn":true,"pos":"right"}},"826f6d23-763d-4378-a1f4-81b29c6e5b4a":{"type":"simple","disabled":true,"settings":{"title":"Clothing","url":"shopify:\/\/collections\/pret","open_link":"_self","icon":"","cus_cl":false,"cl":"#ec0101","lb":"","lb_cl":""}},"6e1beac7-f8ff-42f6-9872-82054bedb990":{"type":"dropdown","settings":{"title":"Accessories","url":"https:\/\/www.metroshoes.com.pk\/collections\/cosmetics","open_link":"_self","menu":"accessories","icon":"","cus_cl":false,"cl":"#ec0101","lb":"","lb_cl":"","lazy_mn":true,"pos":"right"}},"5c291a11-3097-427f-9bac-97c65b97e961":{"type":"simple","settings":{"title":"Outlets","url":"shopify:\/\/pages\/outlets","open_link":"_self","icon":"","cus_cl":false,"cl":"#ec0101","lb":"","lb_cl":""}}},"block_order":["228de85a-78fa-48d2-b5c4-5cdb389dcf79","1d893328-de41-4112-9e44-9c53c625b36e","417a9da2-b0d2-499a-aa86-79a8216f63c8","8bcd6c84-362c-4b15-9817-f17bac0ab430","4c302f11-a5a2-41a9-a626-75b9df7ae674","2097cf8a-bf9b-4a16-b91d-6845a059474e","0206f9ec-fc42-49ad-af1f-47e0a65582fa","46dc7845-9ed7-4a20-9480-966712aaea3d","504a82f3-ab55-4e5d-b0da-37f10eb8edf7","826f6d23-763d-4378-a1f4-81b29c6e5b4a","6e1beac7-f8ff-42f6-9872-82054bedb990","5c291a11-3097-427f-9bac-97c65b97e961"],"settings":{"height":90,"height_2":55,"arrow":true,"border":true,"color":"#dddddd","search_w":"1","align":"tc","hover":"hover_fade_in","bg":"#000000","cl_txt":"#ffffff","text":"","shop_cat":false,"txt_cat":"SHOP BY CATEGORY","bgcat":"#ffffff","clcat":"#ffffff"}},"header_9":{"type":"header_9","blocks":{"header_9-0":{"type":"simple","settings":{"title":"Heading 1","url":"#","open_link":"_self","icon":"","cus_cl":false,"cl":"#ec0101","lb":"","lb_cl":""}},"header_9-1":{"type":"simple","settings":{"title":"Heading 2","url":"#","open_link":"_self","icon":"","cus_cl":false,"cl":"#ec0101","lb":"","lb_cl":""}}},"block_order":["header_9-0","header_9-1"],"settings":{"height":92,"arrow":false,"align":"tl","hover":"hover_side_up"}},"header_10":{"type":"header_10","settings":{"height":80}},"nt_filter2":{"type":"nt_filter2","settings":{}},"sidebar_shop2":{"type":"sidebar_shop2","blocks":{"sidebar_shop2-0":{"type":"category","settings":{"title":"Product Categories","cat_source":"1","cat_link_list":"","count":true}},"sidebar_shop2-1":{"type":"text","disabled":true,"settings":{"title":"Talk about your brand","text":"<p>Use this text to share information about your brand with your customers. Describe a product, share announcements, or welcome customers to your store.<\/p>"}},"sidebar_shop2-2":{"type":"shipping","disabled":true,"settings":{"title":"Shipping & Delivery","shipping_1":"truck,FREE SHIPPING,Free shipping for all US order","shipping_2":"headset,SUPPORT 24\/7,We support 24 hours a day","shipping_3":"exchange-alt,30 DAYS RETURN,You have 30 days to return","shipping_4":"","shipping_5":"","shipping_6":""}},"sidebar_shop2-3":{"type":"filters","disabled":true,"settings":{}}},"block_order":["sidebar_shop2-0","sidebar_shop2-1","sidebar_shop2-2","sidebar_shop2-3"],"settings":{}},"pr-sidebar":{"type":"pr-sidebar","blocks":{"pr-sidebar-0":{"type":"shipping","settings":{"title":"Shipping & Delivery","shipping_1":"truck,FREE SHIPPING,Free shipping for all US order","shipping_2":"headset,SUPPORT 24\/7,We support 24 hours a day","shipping_3":"exchange-alt,30 DAYS RETURN,You have 30 days to return","shipping_4":"","shipping_5":"","shipping_6":""}},"pr-sidebar-1":{"type":"instagram","settings":{"title":"Instagram","acc2":"","limit":9,"open_link":"_blank","space":"2","rounded_ins":"0","col_pr":"4","col_pr_tb":"4","col_pr_mb":"4"}},"pr-sidebar-2":{"type":"text","settings":{"title":"Talk about your brand","text":"<p>Use this text to share information about your brand with your customers. Describe a product, share announcements, or welcome customers to your store.<\/p>"}}},"block_order":["pr-sidebar-0","pr-sidebar-1","pr-sidebar-2"],"settings":{}},"article-sidebar":{"type":"article-sidebar","blocks":{"article-sidebar-0":{"type":"category","settings":{"title":"Blog Categories","cat_link_list":"","count":true}},"article-sidebar-1":{"type":"post","settings":{"title":"Recent Post","blog":"","date":"date","limit":3}},"article-sidebar-2":{"type":"instagram","settings":{"title":"Instagram","acc2":"","limit":9,"open_link":"_blank","space":"2","rounded_ins":"0","col_pr":"4","col_pr_tb":"4","col_pr_mb":"4"}},"article-sidebar-3":{"type":"collection","settings":{"title":"Sale Products","collection":"","limit":3}},"article-sidebar-4":{"type":"tags","settings":{"title":"Blog Tags","count":true}}},"block_order":["article-sidebar-0","article-sidebar-1","article-sidebar-2","article-sidebar-3","article-sidebar-4"],"settings":{}},"acc_heading":{"type":"acc_heading","blocks":{"acc_heading-0":{"type":"1","settings":{"color":"#ffffff"}}},"block_order":["acc_heading-0"],"settings":{"parallax":false,"color":"#000000","overlay":54,"padding":50,"paddingmb":50,"bg_pos":"center center","bg_repeat":"no-repeat","bg_size":"cover","bg_att":"scroll"}}},"content_for_index":[],"blocks":{"10034011198708754302":{"type":"shopify:\/\/apps\/savyour-affiliate-partner\/blocks\/savyour-block\/eb73ccea-1cdf-4a4f-a017-4cde050edcf0","disabled":false,"settings":{}},"16138933890102356706":{"type":"shopify:\/\/apps\/omega-tiktok-pixels\/blocks\/app-embed-block\/0500769c-ab04-46c4-8ebe-26a3fb9f10cb","disabled":false,"settings":{}},"15079184273603081885":{"type":"shopify:\/\/apps\/essential-shipping-bar\/blocks\/app_embed\/4125375e-37c8-4137-949d-c4e1a3aac572","disabled":true,"settings":{}},"15683396631634586217":{"type":"shopify:\/\/apps\/inbox\/blocks\/chat\/841fc607-4181-4ad1-842d-e24d7f8bad6b","disabled":true,"settings":{"button_color":"#202a36","button_icon":"chat_bubble","button_text":"no_text","button_horizontal_position":"bottom_right","button_vertical_position":"lowest","greeting_message":"👋 Hi, message us with any questions. We're happy to help!"}},"12657775114333427046":{"type":"shopify:\/\/apps\/essential-countdown\/blocks\/app_embed\/722378e8-5a70-4eae-aa89-9e44e8e9f6de","disabled":false,"settings":{}}}}}