{"sections":{"banner":{"type":"main-collection-banner","settings":{"show_collection_description":true,"show_collection_image":true,"color_scheme":"scheme-1"}},"sub_collection_xDXQft":{"type":"sub-collection","blocks":{"sub_nav_F3rVQL":{"type":"sub-nav","repeater":"{{ collection.metafields.custom.sub_category.value }}","settings":{"title":"{{ block.repeater.title.value }}","url":"{{ block.repeater.url.value }}"}}},"block_order":["sub_nav_F3rVQL"],"settings":{"space_y_desktop":10,"space_y_mobile":6}},"product-grid":{"type":"main-collection-product-grid","settings":{"card_pos":"10,20,30,40,50","full_banner_pos":"21,42,63,84,105","products_per_page":16,"columns_desktop":4,"color_scheme":"scheme-1","image_ratio":"adapt","image_shape":"default","show_secondary_image":false,"show_vendor":false,"show_rating":false,"quick_add":"none","enable_filtering":true,"filter_type":"horizontal","enable_sorting":true,"padding_top":16,"padding_bottom":16}}},"order":["banner","sub_collection_xDXQft","product-grid"]}