{"sections":{"bt_slide_wNLmhQ":{"type":"bt-slide","blocks":{"image_4MYmQh":{"type":"image","disabled":true,"settings":{"category":"women","slide_color":"#ffffff","redirect":"","show_timer":true,"dk_timer_pos_top":50,"dk_timer_pos_left":51,"mb_timer_pos_top":80,"mb_timer_pos_left":50,"image_desktop":"shopify:\/\/shop_images\/Web_Banner_1660x964_625cc79c-6835-475f-ba34-0b24291e6eca.jpg","image_mobile":"shopify:\/\/shop_images\/Mob_Banner_560x835_7f066b6e-b7c3-4170-9b81-fd46d26eb47c.jpg","dk_btns_pos":"bottom_center","mb_btns_pos":"bottom_center","slide_btn_url_1":"\/","slide_btn_txt_1":"Luxe","slide_btn_url_2":"\/","slide_btn_txt_2":"Sarees","slide_btn_url_3":"\/","slide_btn_txt_3":"","slide_btn_url_4":"\/","slide_btn_txt_4":"Silk"}},"grid_XCyf4M":{"type":"grid","disabled":true,"settings":{"grid_desktop":4,"grid_mobile":4,"category":"women","slide_color":"#ffffff","grid_item_type_1":"video","redirect_1":"shopify:\/\/collections\/unstitched-a-summer-symphony","image_1":"shopify:\/\/shop_images\/tiles3_fa602b91-2cca-4b2f-afe7-c802feecc8d0.jpg","video_1":"shopify:\/\/files\/videos\/1_d993231b-96d8-4de8-bc25-391665a489f5.mp4","grid_item_type_2":"video","redirect_2":"shopify:\/\/collections\/unstitched-a-summer-symphony","image_2":"shopify:\/\/shop_images\/tiles1.jpg","video_2":"shopify:\/\/files\/videos\/1_5a2dba2f-e0d2-43fe-88d3-74b9486f8267.mp4","grid_item_type_3":"image","redirect_3":"shopify:\/\/collections\/unstitched-a-summer-symphony","image_3":"shopify:\/\/shop_images\/tiles2_d55a6e3d-702b-49e9-826b-f05be8ffedc1.jpg","video_3":"shopify:\/\/files\/videos\/2_0d71e674-66c7-4e77-85e9-cc83618e3be7.mp4","grid_item_type_4":"image","redirect_4":"shopify:\/\/collections\/unstitched-a-summer-symphony","image_4":"shopify:\/\/shop_images\/tiles2.jpg","video_4":"shopify:\/\/files\/videos\/2_df38b10a-9304-44b9-b1a0-ec9ad8087e43.mp4","grid_item_type_5":"image","redirect_5":"shopify:\/\/collections\/unstitched-a-summer-symphony","image_5":"shopify:\/\/shop_images\/tiles0_d1e11b03-cd4c-4885-9d6c-f6bfe8081330.jpg","video_5":"shopify:\/\/files\/videos\/1000x1000 (02) pret emb.mp4","grid_item_type_6":"image","redirect_6":"shopify:\/\/collections\/unstitched-a-summer-symphony","image_6":"shopify:\/\/shop_images\/Tiles_unstitched_03.jpg","video_6":"shopify:\/\/files\/videos\/3_2e955aa1-eb07-4817-b581-dcc801ffd542.mp4","grid_item_type_7":"image","redirect_7":"shopify:\/\/collections\/unstitched-a-summer-symphony","image_7":"shopify:\/\/shop_images\/tiles1_74c5703f-3128-48c9-a79e-868acb84f537.jpg","video_7":"shopify:\/\/files\/videos\/1000x1000 (03) pret emb.mp4","grid_item_type_8":"image","redirect_8":"shopify:\/\/collections\/unstitched-a-summer-symphony","image_8":"shopify:\/\/shop_images\/Tiles_unstitched_04_bd8d767b-c46f-48db-b24b-34b7816914b0.jpg","video_8":"shopify:\/\/files\/videos\/4_ac84e499-92b8-4634-a523-d58009be324f.mp4","grid_item_type_9":"image","redirect_9":"shopify:\/\/collections\/unstitched-a-summer-symphony","grid_item_type_10":"image","redirect_10":"shopify:\/\/collections\/unstitched-a-summer-symphony","grid_item_type_11":"image","redirect_11":"","grid_item_type_12":"image","redirect_12":""}},"video_fgwh7d":{"type":"video","settings":{"category":"kids","slide_color":"#ffffff","redirect":"","video_desktop":"shopify:\/\/files\/videos\/Web Banner 1660x964_ed4a2e2e-c579-4f95-af25-95a2a4b2306f.mp4","video_mobile":"shopify:\/\/files\/videos\/Mob Banner 560x835_e5fd426e-f033-4308-9e35-213f41da7ed4.mp4"}},"video_AXjB68":{"type":"video","settings":{"category":"women","slide_color":"#ffffff","redirect":"","video_desktop":"shopify:\/\/files\/videos\/Web Banner 1660x964_ed4a2e2e-c579-4f95-af25-95a2a4b2306f.mp4","video_mobile":"shopify:\/\/files\/videos\/Mob Banner 560x835_e5fd426e-f033-4308-9e35-213f41da7ed4.mp4"}},"video_dgABJf":{"type":"video","disabled":true,"settings":{"category":"women","slide_color":"#ffffff","redirect":"shopify:\/\/collections\/autumn-haze","video_desktop":"shopify:\/\/files\/videos\/Web Banner 1660x964_ac9f37cf-8acd-432f-b171-5eedb1be1239.mp4","video_mobile":"shopify:\/\/files\/videos\/Mob Banner 560x835_a06a4d4d-f9c7-4c6e-950f-d68036d31dc2.mp4"}},"video_LcbKQa":{"type":"video","disabled":true,"settings":{"category":"women","slide_color":"#ffffff","redirect":"shopify:\/\/collections\/echoes-of-autumn","video_desktop":"shopify:\/\/files\/videos\/Web Banner 1660x964 (2).mp4","video_mobile":"shopify:\/\/files\/videos\/Mob Banner 560x835 (3).mp4"}},"video_PrFDcc":{"type":"video","disabled":true,"settings":{"category":"women","slide_color":"#ffffff","redirect":"shopify:\/\/collections\/the-classic-collective","video_desktop":"shopify:\/\/files\/videos\/Web Banner 1660x964 (1).mp4","video_mobile":"shopify:\/\/files\/videos\/Mob Banner 560x835 (2).mp4"}},"video_LiQGTt":{"type":"video","disabled":true,"settings":{"category":"women","slide_color":"#ffffff","redirect":"shopify:\/\/collections\/first-of-fall","video_desktop":"shopify:\/\/files\/videos\/Web Banner 1660x964 (4).mp4","video_mobile":"shopify:\/\/files\/videos\/Mob Banner 560x835 (6).mp4"}},"video_6y6WLq":{"type":"video","disabled":true,"settings":{"category":"women","slide_color":"#000000","redirect":"shopify:\/\/collections\/na-pret-exclusive-priced","video_desktop":"shopify:\/\/files\/videos\/1660x964.mp4","video_mobile":"shopify:\/\/files\/videos\/560x835 without music.mp4"}},"image_iYPy3G":{"type":"image","disabled":true,"settings":{"category":"women","slide_color":"#ffffff","redirect":"shopify:\/\/collections\/pre-fall-edit","show_timer":false,"dk_timer_pos_top":33,"dk_timer_pos_left":33,"mb_timer_pos_top":33,"mb_timer_pos_left":33,"image_desktop":"shopify:\/\/shop_images\/Web_Banner_hype.jpg","image_mobile":"shopify:\/\/shop_images\/Mob_Banner_hype.jpg","dk_btns_pos":"center_left","mb_btns_pos":"center_center","slide_btn_url_1":"","slide_btn_txt_1":"","slide_btn_url_2":"","slide_btn_txt_2":"","slide_btn_url_3":"","slide_btn_txt_3":"","slide_btn_url_4":"","slide_btn_txt_4":""}},"video_DKLrpc":{"type":"video","disabled":true,"settings":{"category":"women","slide_color":"#ffffff","redirect":"shopify:\/\/collections\/bt-summer-sale","video_desktop":"shopify:\/\/files\/videos\/Sale Web Banner.mp4","video_mobile":"shopify:\/\/files\/videos\/Sale Mobile Banner.mp4"}},"image_BHPWFm":{"type":"image","disabled":true,"settings":{"category":"women","slide_color":"#ffffff","redirect":"shopify:\/\/collections\/all","show_timer":false,"dk_timer_pos_top":33,"dk_timer_pos_left":33,"mb_timer_pos_top":33,"mb_timer_pos_left":33,"image_desktop":"shopify:\/\/shop_images\/last_day_sale_banner.jpg","image_mobile":"shopify:\/\/shop_images\/last_day_of_sale.jpg","dk_btns_pos":"center_left","mb_btns_pos":"center_center","slide_btn_url_1":"","slide_btn_txt_1":"","slide_btn_url_2":"","slide_btn_txt_2":"","slide_btn_url_3":"","slide_btn_txt_3":"","slide_btn_url_4":"","slide_btn_txt_4":""}},"video_p3UkwR":{"type":"video","disabled":true,"settings":{"category":"kids","slide_color":"#000000","redirect":"shopify:\/\/collections\/kids-2p-sets","video_desktop":"shopify:\/\/files\/videos\/Web Banner 1660x964_149481e1-1ea3-42ee-8b5c-679d2c3eeb50.mp4","video_mobile":"shopify:\/\/files\/videos\/mobile banner friends club_26d0f7af-5433-4e91-bee6-1a54596886d3.mp4"}},"video_iJRkwb":{"type":"video","disabled":true,"settings":{"category":"kids","slide_color":"#ffffff","redirect":"shopify:\/\/collections\/exclusively-priced","video_desktop":"shopify:\/\/files\/videos\/Web Banner 1660x964_26c8a92c-b7bf-4130-94c2-a9bcbacc7345.mp4","video_mobile":"shopify:\/\/files\/videos\/mobile banner friends club_9db8dd34-bd49-4c72-99ac-3e33f95eb5f5.mp4"}},"video_CfBymT":{"type":"video","disabled":true,"settings":{"category":"kids","slide_color":"#ffffff","redirect":"shopify:\/\/collections\/new-arrivals-beechtree-kids","video_desktop":"shopify:\/\/files\/videos\/Web Banner 1660x964_2916bc69-48ac-4da1-b265-d567ac81a125.mp4","video_mobile":"shopify:\/\/files\/videos\/mobile banner friends club_9f276b38-dd03-4be6-8709-31a063fbfd11.mp4"}},"video_gw4Tnj":{"type":"video","disabled":true,"settings":{"category":"kids","slide_color":"#ffffff","redirect":"shopify:\/\/collections\/new-arrivals-east","video_desktop":"shopify:\/\/files\/videos\/Web Banner 1660x964_79320040-c566-41bf-a3a4-819b13f90ad4.mp4","video_mobile":"shopify:\/\/files\/videos\/mobile banner friends club_0075005c-d0ca-4876-b446-976a3209e783.mp4"}},"image_Vp4CzU":{"type":"image","disabled":true,"settings":{"category":"kids","slide_color":"#ffffff","redirect":"shopify:\/\/collections\/mid-summer-sale","show_timer":false,"dk_timer_pos_top":33,"dk_timer_pos_left":33,"mb_timer_pos_top":33,"mb_timer_pos_left":33,"image_desktop":"shopify:\/\/shop_images\/Web_Banner_1660x964_0ca89f37-4674-4609-9c98-91e5f2ebee54.jpg","image_mobile":"shopify:\/\/shop_images\/mobile_banner_friends_club_4a4f08cc-d792-4dbc-96a8-72da639c5f21.jpg","dk_btns_pos":"center_left","mb_btns_pos":"center_center","slide_btn_url_1":"","slide_btn_txt_1":"","slide_btn_url_2":"","slide_btn_txt_2":"","slide_btn_url_3":"","slide_btn_txt_3":"","slide_btn_url_4":"","slide_btn_txt_4":""}},"image_PgfzEx":{"type":"image","disabled":true,"settings":{"category":"kids","slide_color":"#ffffff","redirect":"shopify:\/\/collections\/all","show_timer":false,"dk_timer_pos_top":33,"dk_timer_pos_left":33,"mb_timer_pos_top":33,"mb_timer_pos_left":33,"image_desktop":"shopify:\/\/shop_images\/BT_kids_Web_Banner_1660x964_6a75eea6-33ba-4c9b-8e1d-346f23081434.jpg","image_mobile":"shopify:\/\/shop_images\/BT_kids_Mob_Banner_560x835_f235e8f0-1a5d-4c07-8f76-1b664cf1328a.jpg","dk_btns_pos":"center_left","mb_btns_pos":"center_center","slide_btn_url_1":"","slide_btn_txt_1":"","slide_btn_url_2":"","slide_btn_txt_2":"","slide_btn_url_3":"","slide_btn_txt_3":"","slide_btn_url_4":"","slide_btn_txt_4":""}},"footer_slide_LPNNfK":{"type":"footer-slide","disabled":true,"settings":{"newsletter_enable":true,"social_enable":true,"newsletter_heading":"JOIN OUR FAMILY","newsletter_text":"Want exclusive deals, insider news, or first peeks at new products? Join our family now!","menu_1":"help","menu_2":"information","menu_3":""}},"grid_r6zehH":{"type":"grid","disabled":true,"settings":{"grid_desktop":6,"grid_mobile":4,"category":"women","slide_color":"#000000","grid_item_type_1":"image","redirect_1":"","image_1":"shopify:\/\/shop_images\/tiles3_fa602b91-2cca-4b2f-afe7-c802feecc8d0_1.jpg","grid_item_type_2":"video","redirect_2":"","video_2":"shopify:\/\/files\/videos\/1_d993231b-96d8-4de8-bc25-391665a489f5_0363b60b-747b-4764-a4ca-78191bd20225.mp4","grid_item_type_3":"image","redirect_3":"","image_3":"shopify:\/\/shop_images\/tiles3_fa602b91-2cca-4b2f-afe7-c802feecc8d0_1.jpg","grid_item_type_4":"image","redirect_4":"","image_4":"shopify:\/\/shop_images\/tiles3_fa602b91-2cca-4b2f-afe7-c802feecc8d0_1.jpg","grid_item_type_5":"image","redirect_5":"","image_5":"shopify:\/\/shop_images\/tiles3_fa602b91-2cca-4b2f-afe7-c802feecc8d0_1.jpg","grid_item_type_6":"image","redirect_6":"","image_6":"shopify:\/\/shop_images\/tiles3_fa602b91-2cca-4b2f-afe7-c802feecc8d0_1.jpg","grid_item_type_7":"image","redirect_7":"","grid_item_type_8":"image","redirect_8":"","grid_item_type_9":"image","redirect_9":"","grid_item_type_10":"image","redirect_10":"","grid_item_type_11":"image","redirect_11":"","grid_item_type_12":"image","redirect_12":""}}},"block_order":["image_4MYmQh","grid_XCyf4M","video_fgwh7d","video_AXjB68","video_dgABJf","video_LcbKQa","video_PrFDcc","video_LiQGTt","video_6y6WLq","image_iYPy3G","video_DKLrpc","image_BHPWFm","video_p3UkwR","video_iJRkwb","video_CfBymT","video_gw4Tnj","image_Vp4CzU","image_PgfzEx","footer_slide_LPNNfK","grid_r6zehH"],"settings":{}}},"order":["bt_slide_wNLmhQ"]}