{"sections":{"main":{"type":"main-product","blocks":{"title":{"type":"title","settings":{}},"price":{"type":"price","settings":{}},"text_UwfHnH":{"type":"text","settings":{"text":"Get the perfect fit! Check our size chart before ordering.","text_style":"uppercase"}},"sku_zGn9Dw":{"type":"sku","settings":{"text_style":"body"}},"variant_picker":{"type":"variant_picker","settings":{"picker_type":"button","swatch_shape":"square"}},"buy_buttons":{"type":"buy_buttons","settings":{"show_dynamic_checkout":false,"show_gift_card_recipient":true}},"timer_77q7qL":{"type":"timer","settings":{}},"description":{"type":"description","settings":{}},"collapsible_tab_6rV96p":{"type":"collapsible_tab","settings":{"heading":"IMPORTANT NOTE","icon":"none","content":"<p>Your order may arrive in multiple packages from different locations , but don't worry—there's no extra shipping cost. Product color may slightly vary due to photographic lighting. Please allow measurement error of 1-2 CM<\/p>","page":""}},"popup_RJCPPX":{"type":"popup","settings":{"text":"DELIVERIES & RETURNS","page":"exchange-policy"}}},"block_order":["title","price","text_UwfHnH","sku_zGn9Dw","variant_picker","buy_buttons","timer_77q7qL","description","collapsible_tab_6rV96p","popup_RJCPPX"],"settings":{"enable_sticky_info":true,"color_scheme":"scheme-1","media_size":"medium","constrain_to_viewport":true,"media_fit":"cover","gallery_layout":"stacked","media_position":"left","image_zoom":"lightbox","mobile_thumbnails":"hide","hide_variants":true,"enable_video_looping":false,"padding_top":36,"padding_bottom":12}},"related-products":{"type":"related-products","settings":{"heading":"Recommended Products","heading_size":"h2","products_to_show":10,"columns_desktop":4,"color_scheme":"scheme-1","image_ratio":"adapt","image_shape":"default","show_secondary_image":true,"show_vendor":false,"show_rating":false,"columns_mobile":"2","padding_top":36,"padding_bottom":28}}},"order":["main","related-products"]}