{"sections":{"main":{"type":"main-product","blocks":{"title":{"type":"title","settings":{}},"sku_zGn9Dw":{"type":"sku","settings":{"text_style":"body"}},"price":{"type":"price","settings":{}},"variant_picker":{"type":"variant_picker","settings":{"picker_type":"button","swatch_shape":"none"}},"buy_buttons":{"type":"buy_buttons","settings":{"show_dynamic_checkout":true,"show_gift_card_recipient":true}},"sku_ic77NL":{"type":"sku","settings":{"text_style":"body"}},"description":{"type":"description","settings":{}},"popup_RJCPPX":{"type":"popup","settings":{"text":"DELIVERIES & RETURNS","page":"exchange-policy"}}},"block_order":["title","sku_zGn9Dw","price","variant_picker","buy_buttons","sku_ic77NL","description","popup_RJCPPX"],"settings":{"enable_sticky_info":true,"color_scheme":"scheme-1","media_size":"medium","constrain_to_viewport":true,"media_fit":"contain","gallery_layout":"stacked","media_position":"left","image_zoom":"lightbox","mobile_thumbnails":"hide","hide_variants":true,"enable_video_looping":false,"padding_top":36,"padding_bottom":12}},"related-products":{"type":"related-products","settings":{"heading":"Recommended Products","heading_size":"h2","products_to_show":10,"columns_desktop":4,"color_scheme":"scheme-1","image_ratio":"square","image_shape":"default","show_secondary_image":true,"show_vendor":false,"show_rating":false,"columns_mobile":"2","padding_top":36,"padding_bottom":28}}},"order":["main","related-products"]}